timestamp_s,pose_id,category,source,simulation_verified,hardware_verified,collision_checked,singularity_checked,min_joint_margin_rad,min_jacobian_sigma,arm_q1,arm_q2,arm_q3,arm_q4,arm_q5,arm_q6,max_arm_contact_force,max_hold_error,max_hold_torque_ratio
0.0,synthetic_0000,near_allowed_boundary,synthetic_urdf_jacobian,true,false,true,true,0.290683102,0.075021232,0.058351540,2.849316898,-2.432611897,1.274164430,-0.534398676,-0.940017736,0.000000000,0.029374719,0.298231363
0.0,synthetic_0001,near_allowed_boundary,synthetic_urdf_jacobian,true,false,true,true,0.228267882,0.168196847,1.617540003,1.312125547,-1.351278676,-1.341732118,0.719977229,0.467637020,0.000000000,0.010075390,0.137356907
0.0,synthetic_0002,directional_extension,synthetic_urdf_jacobian,true,false,true,true,0.530678420,0.133525141,-0.840444247,2.389137518,-2.008449071,-0.132065994,-1.039321580,-1.187834786,0.000000000,0.017883062,0.276499778
0.0,synthetic_0003,near_allowed_boundary,synthetic_urdf_jacobian,false,false,true,true,0.386161930,0.182588496,-1.463744932,0.894969887,-0.815802382,-0.623639127,-0.042057633,5.893838070,0.000000000,0.037974834,0.159999996
0.0,synthetic_0004,near_allowed_boundary,synthetic_urdf_jacobian,true,false,true,true,0.339260092,0.208681536,2.278739908,2.208403432,-1.373593854,-0.633628981,-0.963748295,5.761285566,0.000000000,0.007973194,0.234347954
0.0,synthetic_0005,near_allowed_boundary,synthetic_urdf_jacobian,false,false,true,true,0.479058339,0.038440371,0.079314538,0.479058339,-1.154190473,0.785780045,0.320929375,5.116069861,0.000000000,0.060198784,0.144625694
0.0,synthetic_0006,near_allowed_boundary,synthetic_urdf_jacobian,false,false,true,true,0.327072805,0.189864147,-2.272569561,1.651193508,-1.592005267,-1.242927195,0.401372000,4.323278600,0.000000000,0.041952610,0.164711699
0.0,synthetic_0007,workspace_midrange,synthetic_urdf_jacobian,true,false,true,true,0.577051995,0.181298398,0.458756865,0.888676752,-0.577051995,0.026968304,0.030924432,3.102150346,0.000000000,0.000133157,0.180000007
0.0,synthetic_0008,workspace_midrange,synthetic_urdf_jacobian,true,false,true,true,0.662260118,0.153454183,-1.737856831,2.477739882,-0.994705493,0.815355314,-0.875809824,3.706984616,0.000000000,0.004894018,0.159999996
0.0,synthetic_0009,near_allowed_boundary,synthetic_urdf_jacobian,true,false,true,true,0.381609433,0.048813020,-1.523625101,0.381609433,-0.536124137,1.026045129,1.069365354,-0.344386841,0.000000000,0.003022820,0.167884916
0.0,synthetic_0010,near_allowed_boundary,synthetic_urdf_jacobian,true,false,true,true,0.170140793,0.044558679,-1.115297154,0.170140793,-1.094897799,0.624542649,0.953016575,-2.674177837,0.000000000,0.007488728,0.122055896
0.0,synthetic_0011,near_allowed_boundary,synthetic_urdf_jacobian,true,false,true,true,0.253174721,0.135096841,-1.405683127,1.965701119,-0.669938255,1.316825279,-0.992509482,-0.218076121,0.000000000,0.000261307,0.109839052
0.0,synthetic_0012,near_allowed_boundary,synthetic_urdf_jacobian,true,false,true,true,0.219553524,0.214605731,1.948317496,1.350516016,-1.244839050,-1.350446476,0.492626080,5.138026477,0.000000000,0.000355959,0.139144972
0.0,synthetic_0013,directional_extension,synthetic_urdf_jacobian,true,false,true,true,0.475122443,0.191002551,1.613209827,2.664877557,-1.055866165,-0.722631561,0.762588277,-3.534867656,0.000000000,0.005338848,0.200000003
0.0,synthetic_0014,near_allowed_boundary,synthetic_urdf_jacobian,true,false,true,true,0.328118900,0.044505504,1.635172584,0.328118900,-0.615441453,-0.952799363,-0.354582530,-2.246790078,0.000000000,0.000217676,0.122305743
0.0,synthetic_0015,near_allowed_boundary,synthetic_urdf_jacobian,true,false,true,true,0.166541850,0.116916346,0.944439606,0.657144134,-1.760245190,-1.403458150,-0.674515016,-0.966225138,0.000000000,0.000287414,0.100150146
0.0,synthetic_0016,near_allowed_boundary,synthetic_urdf_jacobian,false,false,true,true,0.672827224,0.159011318,-1.945172776,1.948174247,-1.802470430,0.639834784,0.436979471,-0.843160060,0.000000000,0.036780238,0.234016269
0.0,synthetic_0017,directional_extension,synthetic_urdf_jacobian,true,false,true,true,0.656017275,0.207965469,1.813094016,1.945263734,-0.656017275,-0.449302984,0.124020783,-3.723400188,0.000000000,0.003641129,0.155124962
0.0,synthetic_0018,near_allowed_boundary,synthetic_urdf_jacobian,false,false,true,true,0.169047086,0.119810915,2.448952914,0.840731919,-2.132008778,-1.212140194,-0.687839142,3.225955809,0.000000000,0.037889481,0.128365561
0.0,synthetic_0019,workspace_midrange,synthetic_urdf_jacobian,true,false,true,true,0.515431923,0.133851846,0.976802665,0.515431923,-1.813634293,-0.224583239,0.468555260,-0.540310913,0.000000000,0.028874516,0.129924521
0.0,synthetic_0020,workspace_midrange,synthetic_urdf_jacobian,true,false,true,true,0.605295726,0.227374601,0.427054461,2.534704274,-0.879522234,-0.383379372,-0.146554481,-1.622003276,0.000000000,0.005530596,0.167602345
0.0,synthetic_0021,near_allowed_boundary,synthetic_urdf_jacobian,false,false,true,true,0.691650302,0.122523055,-1.926349698,0.727205985,-2.060159713,-0.527859736,-0.530944081,0.940338521,0.000000000,0.034023106,0.132921949
0.0,synthetic_0022,near_allowed_boundary,synthetic_urdf_jacobian,false,false,true,true,0.289738280,0.158174552,2.328261720,2.350046143,-0.707066647,0.736322542,0.275445155,5.120907073,11979.417968750,0.044506311,0.247924373
0.0,synthetic_0023,near_allowed_boundary,synthetic_urdf_jacobian,false,false,true,true,0.355590226,0.049486103,0.936014447,1.571012263,-2.611509774,-0.032804195,-0.815559973,-4.503143392,0.000000000,0.043655396,0.114015616
0.0,synthetic_0024,directional_extension,synthetic_urdf_jacobian,true,false,true,true,0.760357769,0.131164621,0.029936458,2.379642231,-2.030288316,0.763311798,0.072787846,-4.302671233,0.000000000,0.000222849,0.271264434
0.0,synthetic_0025,near_allowed_boundary,synthetic_urdf_jacobian,true,false,true,true,0.322919216,0.119091412,2.295080784,1.290646876,-2.029680717,0.985475373,-1.066532656,2.863819053,0.000000000,0.013997793,0.133564323
0.0,synthetic_0026,near_allowed_boundary,synthetic_urdf_jacobian,false,false,true,true,0.460266114,0.108299314,-1.540897071,1.264676644,-2.198599834,0.969087499,-0.312188272,5.819733886,0.000000000,0.073614597,0.102154590
0.0,synthetic_0027,near_allowed_boundary,synthetic_urdf_jacobian,false,false,true,true,0.874146859,0.207078598,0.618290687,2.119888851,-1.426140347,-0.542530315,-0.296619764,5.405853141,0.000000000,0.099637032,0.239694461
0.0,synthetic_0028,near_allowed_boundary,synthetic_urdf_jacobian,false,false,true,true,0.183458321,0.097042159,-1.474861001,2.956541679,-0.794622435,-0.398205129,0.401898594,-1.459166328,352997.031250000,0.050589323,0.513203800
0.0,synthetic_0029,near_allowed_boundary,synthetic_urdf_jacobian,true,false,true,true,0.197789488,0.063078274,1.225203846,1.407520448,-2.258926531,1.150207301,-1.372210512,-2.408980560,0.000000000,0.000166655,0.092185631
0.0,synthetic_0030,near_allowed_boundary,synthetic_urdf_jacobian,true,false,true,true,0.154808245,0.133045628,2.463191755,0.894496901,-0.552613356,0.300140142,0.869141409,1.597695682,0.000000000,0.000242710,0.150228754
0.0,synthetic_0031,near_allowed_boundary,synthetic_urdf_jacobian,true,false,true,true,0.220636940,0.030124804,-0.677728314,2.310640148,-2.746463060,-0.151051217,-0.363933022,-0.281072691,0.000000000,0.000156641,0.239138082
0.0,synthetic_0032,workspace_midrange,synthetic_urdf_jacobian,true,false,true,true,0.741696376,0.069400319,-1.838064291,0.781919499,-1.318052204,-0.318735712,0.828303624,1.288974585,0.000000000,0.000238180,0.118013613
0.0,synthetic_0033,directional_extension,synthetic_urdf_jacobian,true,false,true,true,0.766960271,0.223612847,1.783212356,2.229904778,-1.211976682,-0.603171690,0.803039729,-3.049459492,0.000000000,0.029111385,0.227972016
0.0,synthetic_0034,near_allowed_boundary,synthetic_urdf_jacobian,true,false,true,true,0.255464597,0.207154270,-2.096757952,2.884535403,-1.376836115,0.777859805,0.082992774,1.367967494,0.000000000,0.000174999,0.179107815
0.0,synthetic_0035,near_allowed_boundary,synthetic_urdf_jacobian,true,false,true,true,0.317292149,0.120120817,-2.300707851,0.680494049,-1.017635913,0.200403458,-0.969703703,5.541878835,0.000000000,0.006459236,0.158245683
0.0,synthetic_0036,directional_extension,synthetic_urdf_jacobian,true,false,true,true,0.534070068,0.075502661,-1.706110470,1.599261229,-2.433029932,0.617335702,-0.635271040,-4.485517465,0.000000000,0.029827118,0.136530519
0.0,synthetic_0037,near_allowed_boundary,synthetic_urdf_jacobian,true,false,true,true,0.376992724,0.094866547,-2.241007276,0.646532928,-2.305553643,0.105000706,-0.139049563,5.606428943,0.000000000,0.000313282,0.151298046
0.0,synthetic_0038,near_allowed_boundary,synthetic_urdf_jacobian,true,false,true,true,0.323944807,0.092116167,2.241690999,2.412190954,-1.025908621,0.979865580,1.246055193,-5.852706644,0.000000000,0.015073776,0.188671440
0.0,synthetic_0039,near_allowed_boundary,synthetic_urdf_jacobian,true,false,true,true,0.399605496,0.029274989,-1.885032599,1.173149433,-2.567494504,0.282649503,-0.680565609,-2.889194921,0.000000000,0.000010252,0.030069223
0.0,synthetic_0040,near_allowed_boundary,synthetic_urdf_jacobian,true,false,true,true,0.427512468,0.077615173,-1.044813048,0.427512468,-0.840927049,0.427909700,0.302482977,-5.712601161,0.000000000,0.025997639,0.140000001
0.0,synthetic_0041,near_allowed_boundary,synthetic_urdf_jacobian,true,false,true,true,0.206328973,0.076931398,-0.348164982,2.095978195,-2.400107850,-0.324731721,-1.363671027,-5.126420956,0.000000000,0.014532566,0.241082072
0.0,synthetic_0042,near_allowed_boundary,synthetic_urdf_jacobian,false,false,true,true,0.413147123,0.177893160,-1.399585129,1.327606458,-1.581592499,1.092041150,-0.520690024,-5.866852877,0.000000000,0.053181648,0.146416649
0.0,synthetic_0043,near_allowed_boundary,synthetic_urdf_jacobian,true,false,true,true,0.254563924,0.055038001,1.610238440,0.325645296,-2.569081056,1.315436076,0.719557787,-1.987907474,0.000000000,0.000242710,0.238341525
0.0,synthetic_0044,near_allowed_boundary,synthetic_urdf_jacobian,false,false,true,true,0.506586988,0.145672476,-1.815565238,1.248314828,-1.912433301,1.063413012,-0.230741431,-5.124128226,0.000000000,0.044209957,0.144447610
0.0,synthetic_0045,near_allowed_boundary,synthetic_urdf_jacobian,true,false,true,true,0.461276859,0.065987053,2.106710479,1.917369953,-2.505823141,-1.098585385,-0.096749595,-5.000989281,0.000000000,0.000309587,0.140000001
0.0,synthetic_0046,near_allowed_boundary,synthetic_urdf_jacobian,true,false,true,true,0.235564165,0.031738359,0.650328821,1.900529967,-2.731535835,0.873080698,0.814497121,5.091679373,0.000000000,0.011659622,0.179816365
0.0,synthetic_0047,near_allowed_boundary,synthetic_urdf_jacobian,true,false,true,true,0.217844232,0.080884868,0.840633608,2.117728740,-2.380384633,-1.352155768,-1.233800647,5.694296030,0.000000000,0.003396511,0.200472638
0.0,synthetic_0048,near_allowed_boundary,synthetic_urdf_jacobian,false,false,true,true,0.300785067,0.096426266,0.719280660,2.839214933,-1.885256976,0.724829278,-1.234266938,-4.092324670,0.000000000,0.060973167,0.277610511
0.0,synthetic_0049,directional_extension,synthetic_urdf_jacobian,false,false,true,true,1.330434776,0.213893937,-1.100069859,1.712903835,-1.330434776,-0.002878475,-0.214523420,0.928145266,0.000000000,0.042429268,0.178611428
0.0,synthetic_0050,near_allowed_boundary,synthetic_urdf_jacobian,true,false,true,true,0.308676381,0.187331598,2.303445584,1.450945952,-0.583479971,-1.261323619,-0.324932189,0.741686399,0.000000000,0.012257040,0.138483122
0.0,synthetic_0051,near_allowed_boundary,synthetic_urdf_jacobian,true,false,true,true,0.300502481,0.049096590,0.593902263,0.860052085,-1.752150938,1.269497519,0.422736141,1.041686206,0.000000000,0.000247717,0.099588506
0.0,synthetic_0052,near_allowed_boundary,synthetic_urdf_jacobian,true,false,true,true,0.183680030,0.102191645,-2.145685565,0.298180572,-2.253279200,-1.028583317,1.373849799,-6.096319970,0.000000000,0.016909122,0.254269183
0.0,synthetic_0053,near_allowed_boundary,synthetic_urdf_jacobian,true,false,true,true,0.282154294,0.029652120,-0.662196340,0.315919757,-1.110127840,-1.287845706,-1.225716635,-5.149904881,0.000000000,0.022309303,0.138148874
0.0,synthetic_0054,directional_extension,synthetic_urdf_jacobian,false,false,true,true,0.668887992,0.200376665,-1.126468592,1.786856913,-0.668887992,-0.661175900,-0.615794199,3.978151085,0.000000000,0.080512762,0.146436691
0.0,synthetic_0055,workspace_midrange,synthetic_urdf_jacobian,false,false,true,true,0.510153885,0.074121288,1.214001205,0.510153885,-0.666486756,0.940753149,-0.914974775,1.556382462,0.000000000,0.034552336,0.169520304
0.0,synthetic_0056,workspace_midrange,synthetic_urdf_jacobian,true,false,true,true,0.841519302,0.091804303,-1.496873483,0.841519302,-1.499537250,0.063104879,-0.059544816,0.504389314,0.000000000,0.022238582,0.140000001
0.0,synthetic_0057,near_allowed_boundary,synthetic_urdf_jacobian,true,false,true,true,0.397979457,0.124992403,-1.415819157,2.361168245,-2.076050500,1.172020543,0.043041062,-2.406833511,0.000000000,0.000515699,0.259999990
0.0,synthetic_0058,near_allowed_boundary,synthetic_urdf_jacobian,true,false,true,true,0.603125897,0.159547815,-1.607241057,1.527979253,-1.813477471,0.349586366,-0.004374785,-5.676874103,0.000000000,0.003605623,0.164673120
0.0,synthetic_0059,near_allowed_boundary,synthetic_urdf_jacobian,false,false,true,true,0.296753987,0.039716772,1.644155779,0.296753987,-0.609820938,0.888208987,1.204112076,2.015556765,0.000000000,0.067957640,0.139879093
0.0,synthetic_0060,directional_extension,synthetic_urdf_jacobian,false,false,true,true,0.942838258,0.178929944,-1.675161742,1.405079529,-1.645089152,0.375825682,-0.337569408,2.153813359,0.000000000,0.035127640,0.168104663
0.0,synthetic_0061,near_allowed_boundary,synthetic_urdf_jacobian,true,false,true,true,0.497972848,0.153584836,-1.461513172,1.153516210,-1.368028801,-0.205471015,-1.072027152,5.711052761,0.000000000,0.009877682,0.171453610
0.0,synthetic_0062,near_allowed_boundary,synthetic_urdf_jacobian,true,false,true,true,0.306495615,0.142872559,0.944234105,2.515819621,-1.863716444,1.263504385,0.887349766,5.878746571,0.000000000,0.021873474,0.253234625
0.0,synthetic_0063,near_allowed_boundary,synthetic_urdf_jacobian,true,false,true,true,0.860624044,0.161008528,-1.493661970,1.505161314,-1.788002148,0.323461788,-0.709375956,-4.898209728,0.000000000,0.003779531,0.178764686
0.0,synthetic_0064,near_allowed_boundary,synthetic_urdf_jacobian,true,false,true,true,0.185672267,0.161106163,-0.115420527,1.966100300,-1.792892477,1.384327733,-0.266991887,-2.454261450,0.000000000,0.001437336,0.206137046
0.0,synthetic_0065,near_allowed_boundary,synthetic_urdf_jacobian,true,false,true,true,0.300077559,0.062535764,1.549399665,1.475399041,-2.088403519,-0.606365491,1.269922441,5.660892532,0.000000000,0.005846977,0.135901034
0.0,synthetic_0066,workspace_midrange,synthetic_urdf_jacobian,true,false,true,true,0.765625329,0.164412351,0.721825320,0.941701054,-0.919807623,-0.804374671,-0.505279488,0.511687770,0.000000000,0.012458920,0.161366984
0.0,synthetic_0067,near_allowed_boundary,synthetic_urdf_jacobian,true,false,true,true,0.218986063,0.105494954,-0.487952420,1.146907770,-0.218986063,-0.936614464,0.323131107,-5.657482565,0.000000000,0.013538361,0.118866473
0.0,synthetic_0068,near_allowed_boundary,synthetic_urdf_jacobian,false,false,true,true,0.172173747,0.055276269,-2.015296058,0.746388654,-0.172173747,0.643045975,1.045228192,-5.523328800,0.000000000,0.047600746,0.136796698
0.0,synthetic_0069,directional_extension,synthetic_urdf_jacobian,true,false,true,true,0.978556384,0.170047672,0.895580202,1.399419602,-1.706466355,0.591443616,-0.544374180,0.165115513,0.000000000,0.005851567,0.164898574
0.0,synthetic_0070,workspace_midrange,synthetic_urdf_jacobian,true,false,true,true,0.598382048,0.181151571,-1.181062773,1.261587560,-1.394665758,-0.971617952,-0.635628574,-0.975823602,0.000000000,0.001930118,0.144471169
0.0,synthetic_0071,directional_extension,synthetic_urdf_jacobian,false,false,true,true,0.519576602,0.124544891,-0.134515978,2.422011269,-1.102287751,0.177471789,1.050423398,-3.710502918,0.000000000,0.069247007,0.186343938
0.0,synthetic_0072,near_allowed_boundary,synthetic_urdf_jacobian,true,false,true,true,0.515899330,0.042852377,-1.954246138,1.268179606,-2.451200670,0.158986148,0.209147063,-4.516663080,0.000000000,0.000261664,0.059999999
0.0,synthetic_0073,near_allowed_boundary,synthetic_urdf_jacobian,true,false,true,true,0.384351764,0.139723256,1.066442518,1.730572133,-1.688431303,1.185648236,1.010790916,-3.420918052,0.000000000,0.025794983,0.174744055
0.0,synthetic_0074,near_allowed_boundary,synthetic_urdf_jacobian,true,false,true,true,0.389876613,0.080369489,-1.645745441,2.750123387,-2.397693488,0.730465967,-0.532451675,-1.701867650,0.000000000,0.000325441,0.307885021
0.0,synthetic_0075,near_allowed_boundary,synthetic_urdf_jacobian,true,false,true,true,0.155485806,0.020076695,0.265184852,2.779738235,-2.811614194,-0.959103970,0.625401451,-1.293840349,0.000000000,0.003260970,0.313574880
0.0,synthetic_0076,near_allowed_boundary,synthetic_urdf_jacobian,false,false,true,true,0.251599100,0.076175832,-1.047367767,2.884623669,-2.112909792,0.608234160,1.318400900,3.221511850,0.000000000,0.039210320,0.304422408
0.0,synthetic_0077,workspace_midrange,synthetic_urdf_jacobian,true,false,true,true,0.669481450,0.197234483,1.033667681,2.203907064,-0.669481450,-0.649753237,0.359790300,3.713381061,0.000000000,0.002595544,0.164483771
0.0,synthetic_0078,near_allowed_boundary,synthetic_urdf_jacobian,false,false,true,true,0.406317929,0.080548399,1.916301509,2.722568995,-0.406317929,-1.142720010,-0.351006712,-0.534633056,204652.546875000,0.141979605,1.000000000
0.0,synthetic_0079,near_allowed_boundary,synthetic_urdf_jacobian,false,false,true,true,0.206398916,0.093717711,1.933359154,1.340680279,-2.110552929,-1.363601084,-0.599937851,3.441678505,0.000000000,0.030001640,0.068923332
0.0,synthetic_0080,near_allowed_boundary,synthetic_urdf_jacobian,true,false,true,true,0.249563750,0.127089432,-2.368436250,0.618582755,-1.987716125,0.090911444,-0.388956976,4.691162656,0.000000000,0.000261784,0.103186443
0.0,synthetic_0081,near_allowed_boundary,synthetic_urdf_jacobian,true,false,true,true,0.349912629,0.114384858,-1.443890424,1.745041697,-0.742582932,1.220087371,1.060683976,-4.468512494,0.000000000,0.000244617,0.112751156
0.0,synthetic_0082,near_allowed_boundary,synthetic_urdf_jacobian,false,false,true,true,0.222610561,0.177510937,1.440325193,2.067983405,-1.692641152,-1.347389439,-0.942932622,3.058389730,0.000000000,0.036887169,0.229994506
0.0,synthetic_0083,near_allowed_boundary,synthetic_urdf_jacobian,false,false,true,true,0.564647534,0.033959690,-2.053352466,1.037925787,-2.136422906,0.698926547,-0.400270085,-5.061072165,0.000000000,0.054086208,0.097554713
0.0,synthetic_0084,directional_extension,synthetic_urdf_jacobian,false,false,true,true,0.904732311,0.213203896,-0.639497785,1.078196850,-0.904732311,-0.510852895,0.549868443,0.473167999,0.000000000,0.076393723,0.153726086
0.0,synthetic_0085,near_allowed_boundary,synthetic_urdf_jacobian,false,false,true,true,0.704150757,0.171144634,1.913849243,2.232757091,-1.729139922,-0.042856968,-0.081264442,4.557071394,0.000000000,0.034442425,0.263495475
0.0,synthetic_0086,directional_extension,synthetic_urdf_jacobian,true,false,true,true,0.831346544,0.208886641,-1.786653456,1.354813235,-1.390436051,-0.181127156,0.278400849,-0.014183650,0.000000000,0.005543330,0.178004220
0.0,synthetic_0087,near_allowed_boundary,synthetic_urdf_jacobian,true,false,true,true,0.920894294,0.142663754,-0.425997814,2.100548842,-1.938764052,0.303598879,0.649105706,-4.528272245,0.000000000,0.000610590,0.239867762
0.0,synthetic_0088,near_allowed_boundary,synthetic_urdf_jacobian,false,false,true,true,0.428477790,0.140062399,2.148521383,2.711522210,-0.910280049,0.498758934,0.623682791,0.918100130,224756.187500000,0.080521166,0.779999971
0.0,synthetic_0089,near_allowed_boundary,synthetic_urdf_jacobian,true,false,true,true,0.410553746,0.081390196,1.423641514,1.575480075,-2.214502094,-1.152048769,1.159446254,3.124816312,0.000000000,0.001505494,0.127597243
0.0,synthetic_0090,directional_extension,synthetic_urdf_jacobian,false,false,true,true,0.654218492,0.133271264,-1.593133805,2.485781508,-2.016045175,0.385260121,-0.408525884,-3.504360562,0.000000000,0.050982237,0.275295138
0.0,synthetic_0091,near_allowed_boundary,synthetic_urdf_jacobian,false,false,true,true,0.346216198,0.048442279,-1.601195142,0.351498883,-2.618564926,-1.223783802,-1.164630703,4.095199083,0.000000000,0.063011169,0.265419960
0.0,synthetic_0092,workspace_midrange,synthetic_urdf_jacobian,true,false,true,true,0.515178602,0.022007203,0.087901895,0.515178602,-1.416886772,0.121068636,-0.009678621,-3.598477170,0.000000000,0.027213573,0.100798801
0.0,synthetic_0093,near_allowed_boundary,synthetic_urdf_jacobian,false,false,true,true,0.348111587,0.126314180,-0.323812029,2.623232328,-1.793639107,0.011318090,1.221888413,-3.275854861,0.000000000,0.041741133,0.294410884
0.0,synthetic_0094,directional_extension,synthetic_urdf_jacobian,false,false,true,true,0.717111038,0.221552804,1.113105942,1.524109390,-0.717111038,-0.398527218,0.120298466,-1.614814331,0.000000000,0.045156121,0.157591537
0.0,synthetic_0095,near_allowed_boundary,synthetic_urdf_jacobian,false,false,true,true,0.203902528,0.201440479,1.807312651,2.748082807,-1.131969454,1.366097472,0.659038137,4.050997406,55635.796875000,0.857732058,1.000000000
0.0,synthetic_0096,near_allowed_boundary,synthetic_urdf_jacobian,true,false,true,true,0.185531292,0.098801820,1.948341128,0.922212363,-0.185531292,-0.311224174,-0.007916376,-3.919231050,0.000000000,0.022722960,0.147992194
0.0,synthetic_0097,workspace_midrange,synthetic_urdf_jacobian,true,false,true,true,0.770129889,0.206834338,1.586819283,1.106789260,-0.978549429,-0.799870111,-0.422128908,-1.419162598,0.000000000,0.000252008,0.159999996
0.0,synthetic_0098,near_allowed_boundary,synthetic_urdf_jacobian,true,false,true,true,0.249580175,0.025278096,-1.300023966,0.249580175,-0.762875800,1.279007243,-0.777456085,-4.135894265,0.000000000,0.000304163,0.119999997
0.0,synthetic_0099,near_allowed_boundary,synthetic_urdf_jacobian,false,false,true,true,0.160591389,0.037629446,-1.962349687,1.637942441,-0.534040251,-0.191317848,-1.409408611,-3.527163918,0.000000000,0.033771276,0.136673391
0.0,synthetic_0100,directional_extension,synthetic_urdf_jacobian,true,false,true,true,0.599907087,0.098588881,1.283213984,0.599907087,-2.284809957,-0.609077578,0.310364789,4.124332101,0.000000000,0.014173031,0.188157767
0.0,synthetic_0101,directional_extension,synthetic_urdf_jacobian,false,false,true,true,1.230464918,0.207502308,-1.387535082,1.852488762,-1.403695391,-0.156585654,0.228394287,3.851093099,0.000000000,0.032069921,0.200003564
0.0,synthetic_0102,near_allowed_boundary,synthetic_urdf_jacobian,true,false,true,true,0.167668001,0.057309700,-1.394478952,1.562144988,-2.555936071,0.037594656,0.826462315,6.112331999,0.000000000,0.014895439,0.118227653
0.0,synthetic_0103,workspace_midrange,synthetic_urdf_jacobian,true,false,true,true,0.482286785,0.105194874,-0.119979085,0.992353658,-1.271505997,-0.364224164,-1.087713215,0.300352493,0.000000000,0.014586866,0.164586455
0.0,synthetic_0104,directional_extension,synthetic_urdf_jacobian,true,false,true,true,0.577231145,0.108096094,-0.314759256,2.441957135,-2.191278887,0.992768855,0.601333131,-3.666441020,0.000000000,0.003203452,0.275061041
0.0,synthetic_0105,near_allowed_boundary,synthetic_urdf_jacobian,false,false,true,true,0.329041447,0.054655894,0.650325597,2.477925799,-0.329041447,-0.959310071,0.914523150,3.381909817,169149.453125000,0.174126625,1.000000000
0.0,synthetic_0106,near_allowed_boundary,synthetic_urdf_jacobian,true,false,true,true,0.264461178,0.116365769,-1.264989982,0.986611206,-0.264461178,-0.391874395,-0.599307861,2.697336321,0.000000000,0.012982368,0.171627313
0.0,synthetic_0107,directional_extension,synthetic_urdf_jacobian,true,false,true,true,0.806024068,0.154118505,-1.811975932,1.522200859,-1.861923139,0.124921214,0.293230409,1.717717385,0.000000000,0.015483737,0.155954078
0.0,synthetic_0108,near_allowed_boundary,synthetic_urdf_jacobian,false,false,true,true,0.339263889,0.069357425,-0.333678249,2.668888041,-0.588268294,1.230736111,-0.153627978,2.820853311,396691.218750000,2.485987663,1.000000000
0.0,synthetic_0109,near_allowed_boundary,synthetic_urdf_jacobian,true,false,true,true,0.303396473,0.108187455,-0.342085596,0.941743023,-1.078453657,1.266603527,0.864234382,-2.633426246,0.000000000,0.010272503,0.156646028
0.0,synthetic_0110,workspace_midrange,synthetic_urdf_jacobian,false,false,true,true,0.537371041,0.142931947,-1.342069987,2.341473110,-0.936451832,1.032628959,-1.004333025,4.434187435,404.587646484,0.006120682,0.167047247
0.0,synthetic_0111,near_allowed_boundary,synthetic_urdf_jacobian,true,false,true,true,0.168448913,0.022026705,-0.332560766,0.926301159,-1.901632161,1.401551087,1.295131235,-5.103273605,0.000000000,0.000227332,0.079926364
0.0,synthetic_0112,near_allowed_boundary,synthetic_urdf_jacobian,true,false,true,true,0.244215659,0.030440526,-0.912229723,2.193604430,-2.722884341,-1.317976821,-1.292511567,4.517133656,0.000000000,0.000393629,0.185924307
0.0,synthetic_0113,workspace_midrange,synthetic_urdf_jacobian,true,false,true,true,0.701172695,0.204153786,-0.820696678,1.055221125,-0.701172695,-0.515271732,0.677143630,-1.601882670,0.000000000,0.004048109,0.179718360
0.0,synthetic_0114,workspace_midrange,synthetic_urdf_jacobian,false,false,true,true,0.516327208,0.136225912,-0.193385852,2.104988481,-0.516327208,-0.310345612,0.601541333,3.123742811,110023.265625000,0.150802866,0.760701299
0.0,synthetic_0115,near_allowed_boundary,synthetic_urdf_jacobian,true,false,true,true,0.535376275,0.099392187,-2.082623725,0.542380287,-0.815894904,0.584042982,-0.893840351,4.005733375,0.000000000,0.000240147,0.142557532
0.0,synthetic_0116,near_allowed_boundary,synthetic_urdf_jacobian,true,false,true,true,0.464024461,0.050521912,1.485248180,1.094991621,-1.909533880,-1.105975539,-0.154827837,-4.784326951,0.000000000,0.000154257,0.059999999
0.0,synthetic_0117,near_allowed_boundary,synthetic_urdf_jacobian,false,false,true,true,0.353481865,0.224832218,0.214257653,1.923816620,-1.265004778,-1.216518135,0.345544069,3.092155056,0.000000000,0.046802521,0.207667336
0.0,synthetic_0118,near_allowed_boundary,synthetic_urdf_jacobian,false,false,true,true,0.395901625,0.143067116,-1.767812566,1.840018100,-0.632597142,-0.870120786,1.174098375,5.785666638,0.000000000,0.061709404,0.171356112
0.0,synthetic_0119,near_allowed_boundary,synthetic_urdf_jacobian,true,false,true,true,0.359750317,0.104271672,1.044677529,2.626581581,-2.092228325,0.468510219,1.210249683,-5.581622206,0.000000000,0.008884430,0.297317505
0.0,synthetic_0120,workspace_midrange,synthetic_urdf_jacobian,true,false,true,true,0.680451219,0.138605924,1.583589911,0.822861794,-0.680451219,0.404471494,0.856386675,-1.213801542,0.000000000,0.003591776,0.182878911
0.0,synthetic_0121,near_allowed_boundary,synthetic_urdf_jacobian,true,false,true,true,0.227155954,0.046545485,-0.245733589,2.775004403,-2.627112597,-0.976389936,1.342844046,5.066461020,0.000000000,0.006455898,0.302645087
0.0,synthetic_0122,near_allowed_boundary,synthetic_urdf_jacobian,true,false,true,true,0.225375824,0.101199239,-1.743059284,2.914624176,-2.109103819,1.113583500,1.149561646,-5.838876570,0.000000000,0.009910107,0.264060140
0.0,synthetic_0123,near_allowed_boundary,synthetic_urdf_jacobian,true,false,true,true,0.197936630,0.120811661,-2.420063370,1.078665406,-0.333553883,0.827416075,-0.321343221,4.389212577,0.000000000,0.000272006,0.098290920
0.0,synthetic_0124,near_allowed_boundary,synthetic_urdf_jacobian,false,false,true,true,0.264874863,0.040042774,-0.949874806,1.136665423,-2.309075268,1.305125137,0.862310998,-0.460671886,0.000000000,0.053802371,0.089818195
0.0,synthetic_0125,near_allowed_boundary,synthetic_urdf_jacobian,false,false,true,true,0.246617934,0.169734973,-1.163530848,2.893382066,-1.758741470,-0.821596197,-0.213975877,2.686432168,0.000000000,0.059615135,0.266234070
0.0,synthetic_0126,near_allowed_boundary,synthetic_urdf_jacobian,false,false,true,true,0.294208050,0.052060443,1.336100168,0.459518968,-0.294208050,0.495780937,-1.242512036,4.136970726,0.000000000,0.035361290,0.151888892
0.0,synthetic_0127,near_allowed_boundary,synthetic_urdf_jacobian,true,false,true,true,0.176097252,0.023378091,2.329316845,2.529203304,-2.791002748,-0.076427501,0.253253518,4.756863985,0.000000000,0.004597820,0.291094929
0.0,synthetic_0128,near_allowed_boundary,synthetic_urdf_jacobian,true,false,true,true,0.287070334,0.070390880,0.013625756,0.369599636,-0.327294126,1.282929666,-0.039299309,-5.474792051,0.000000000,0.000367731,0.140000001
0.0,synthetic_0129,near_allowed_boundary,synthetic_urdf_jacobian,false,false,true,true,0.170770892,0.104683345,1.672764392,2.256350401,-0.226721586,-1.399229108,-0.183195763,-2.650582593,78380.250000000,0.070953608,0.600000024
0.0,synthetic_0130,near_allowed_boundary,synthetic_urdf_jacobian,true,false,true,true,0.260672355,0.150238723,-1.936367648,2.237782272,-1.907045697,-1.309327645,-1.040499872,3.751563644,0.000000000,0.027124166,0.259517848
0.0,synthetic_0131,workspace_midrange,synthetic_urdf_jacobian,true,false,true,true,0.520349614,0.101034433,0.522579345,0.760743775,-0.960685774,-1.049650386,0.491853231,1.900793531,0.000000000,0.000283718,0.122378260
0.0,synthetic_0132,near_allowed_boundary,synthetic_urdf_jacobian,false,false,true,true,0.177275011,0.196176962,-2.440724989,1.602703945,-0.879944111,0.734235821,0.584211683,4.720659226,0.000000000,0.093209267,0.124114551
0.0,synthetic_0133,near_allowed_boundary,synthetic_urdf_jacobian,true,false,true,true,0.247017202,0.175360552,1.264641901,2.768451316,-1.710768241,-1.322982798,-0.905950301,-2.601789230,0.000000000,0.006207228,0.275391012
0.0,synthetic_0134,near_allowed_boundary,synthetic_urdf_jacobian,true,false,true,true,0.356283406,0.072289514,-2.261716594,0.457173099,-1.433464206,-0.702930152,-0.609080217,2.960416396,0.000000000,0.024446964,0.107053317
0.0,synthetic_0135,directional_extension,synthetic_urdf_jacobian,true,false,true,true,0.541806945,0.139100891,1.750698675,2.598193055,-1.828615138,0.595349408,1.000545157,-4.279260559,0.000000000,0.004559040,0.259999990
0.0,synthetic_0136,near_allowed_boundary,synthetic_urdf_jacobian,true,false,true,true,0.345954610,0.123442231,-1.478067097,1.990207232,-2.108850635,-0.872796883,-0.376242554,-5.934045390,0.000000000,0.023216724,0.207524523
0.0,synthetic_0137,near_allowed_boundary,synthetic_urdf_jacobian,false,false,true,true,0.284246636,0.115642325,-0.304456051,0.284246636,-2.164433296,-0.802180150,-0.484375536,-4.592719134,0.000000000,0.045496941,0.245460153
0.0,synthetic_0138,near_allowed_boundary,synthetic_urdf_jacobian,true,false,true,true,0.356771259,0.128399548,-0.142174489,2.103512867,-1.913142668,1.213228741,1.021737936,-2.378254440,0.000000000,0.013253212,0.242218569
0.0,synthetic_0139,near_allowed_boundary,synthetic_urdf_jacobian,true,false,true,true,0.163735161,0.113873485,-2.275987608,2.331664430,-2.176963160,-0.476662645,0.225312043,6.116264839,0.000000000,0.010122299,0.267531544
0.0,synthetic_0140,directional_extension,synthetic_urdf_jacobian,true,false,true,true,0.752551961,0.188993616,-0.988791531,1.480605328,-1.143625750,0.520777557,-0.817448039,1.168644624,0.000000000,0.014478564,0.171740517
0.0,synthetic_0141,near_allowed_boundary,synthetic_urdf_jacobian,true,false,true,true,0.219501927,0.057815313,0.217709402,2.020366810,-2.510391568,-1.061323575,1.350498073,3.939157181,0.000000000,0.002329588,0.186903298
0.0,synthetic_0142,directional_extension,synthetic_urdf_jacobian,true,false,true,true,0.541412441,0.139120392,0.295420930,2.079349409,-1.965139043,1.028587559,-0.264056588,-4.313329289,0.000000000,0.000264794,0.251923054
0.0,synthetic_0143,near_allowed_boundary,synthetic_urdf_jacobian,true,false,true,true,0.204201481,0.103948432,-2.413798519,1.965297703,-2.199315122,1.295226190,-0.866187341,-2.253640457,0.000000000,0.009316683,0.197826251
0.0,synthetic_0144,near_allowed_boundary,synthetic_urdf_jacobian,false,false,true,true,0.228326009,0.063571425,2.389673991,1.626387122,-0.357968192,0.799282994,-1.082137431,-3.482043063,34533.238281250,0.457588971,1.000000000
0.0,synthetic_0145,directional_extension,synthetic_urdf_jacobian,true,false,true,true,0.488084248,0.146913793,-0.556891577,2.651915752,-1.926319852,-0.104847011,-0.054626031,-2.148500671,0.000000000,0.013016462,0.286786318
0.0,synthetic_0146,near_allowed_boundary,synthetic_urdf_jacobian,true,false,true,true,0.305707906,0.105819566,1.414091364,0.305707906,-2.214575009,0.923241988,0.330410438,0.144972413,0.000000000,0.000330210,0.188697323
0.0,synthetic_0147,near_allowed_boundary,synthetic_urdf_jacobian,true,false,true,true,0.186651689,0.053293568,-0.644108691,0.519596398,-1.598810569,1.383348311,0.270051268,0.938862840,0.000000000,0.005094260,0.089491442
0.0,synthetic_0148,directional_extension,synthetic_urdf_jacobian,true,false,true,true,0.539933309,0.203823579,0.632514727,1.138915934,-0.654696584,-1.030066691,-0.106368413,4.177914032,0.000000000,0.000245810,0.154360071
0.0,synthetic_0149,near_allowed_boundary,synthetic_urdf_jacobian,true,false,true,true,0.279261951,0.058693455,-0.224528341,1.856890692,-2.554969576,-0.610301847,1.290738049,1.924078826,0.000000000,0.009846449,0.158269972
0.0,synthetic_0150,workspace_midrange,synthetic_urdf_jacobian,true,false,true,true,0.638571053,0.127001737,-0.666660263,1.617942540,-0.750448015,0.816415794,0.931428947,-2.578980758,0.000000000,0.018297195,0.131879732
0.0,synthetic_0151,directional_extension,synthetic_urdf_jacobian,true,false,true,true,0.759506368,0.194264628,-1.291721886,1.963364090,-1.411003153,0.184278374,-0.810493632,-2.223668189,0.000000000,0.003355503,0.219999999
0.0,synthetic_0152,near_allowed_boundary,synthetic_urdf_jacobian,true,false,true,true,0.282470842,0.066465398,1.244134499,1.167638050,-0.796810288,-1.287529158,1.280459950,-3.579024546,0.000000000,0.003920078,0.161664620
0.0,synthetic_0153,near_allowed_boundary,synthetic_urdf_jacobian,true,false,true,true,0.190780395,0.115355355,-0.107567123,2.765314119,-2.141044338,-0.774228666,1.379219605,4.958313850,0.000000000,0.001045167,0.313963801
0.0,synthetic_0154,near_allowed_boundary,synthetic_urdf_jacobian,true,false,true,true,0.323302324,0.050515145,0.159167229,0.323302324,-1.204388088,-0.705517947,-0.812210248,5.298073630,0.000000000,0.000276908,0.090511262
0.0,synthetic_0155,directional_extension,synthetic_urdf_jacobian,true,false,true,true,0.806941604,0.116315953,-0.874687468,1.873471230,-2.144615596,0.161694726,0.763058396,-2.615379498,0.000000000,0.003555536,0.215266615
0.0,synthetic_0156,directional_extension,synthetic_urdf_jacobian,true,false,true,true,0.474901302,0.152193650,-0.134501702,1.786599236,-1.848058846,-0.784923816,-1.095098698,0.802831291,0.000000000,0.009498060,0.200858504
0.0,synthetic_0157,near_allowed_boundary,synthetic_urdf_jacobian,true,false,true,true,0.203296015,0.046576035,2.159150619,0.203296015,-0.508288981,1.313423633,0.120207264,5.736251201,0.000000000,0.024893761,0.140000001
0.0,synthetic_0158,directional_extension,synthetic_urdf_jacobian,true,false,true,true,1.053129295,0.187733395,1.010806107,1.698439591,-1.580432360,-0.095426820,0.516870705,-3.254964179,0.000000000,0.009109139,0.184387729
0.0,synthetic_0159,near_allowed_boundary,synthetic_urdf_jacobian,true,false,true,true,0.317952629,0.173060371,1.063219951,1.544410853,-1.017708397,1.252047371,-0.756991544,-1.186455144,0.000000000,0.000321269,0.110926330
0.0,synthetic_0160,near_allowed_boundary,synthetic_urdf_jacobian,true,false,true,true,0.191031523,0.025570388,-0.512818501,2.709290763,-2.776068477,-0.560312207,0.715478494,-4.150169214,0.000000000,0.013775349,0.315243334
0.0,synthetic_0161,near_allowed_boundary,synthetic_urdf_jacobian,true,false,true,true,0.460729318,0.150653675,-0.684939227,2.561340728,-1.897818243,-0.729991587,1.109270682,-5.180865063,0.000000000,0.001030445,0.291032135
0.0,synthetic_0162,near_allowed_boundary,synthetic_urdf_jacobian,true,false,true,true,0.582814936,0.027654058,1.760630761,1.045692313,-2.262917381,-0.034424313,-0.047092554,5.697185064,0.000000000,0.000207186,0.037068151
0.0,synthetic_0163,near_allowed_boundary,synthetic_urdf_jacobian,true,false,true,true,0.199070678,0.094479428,1.246363197,1.456747711,-1.324995761,-0.515834121,1.370929322,-1.398390274,0.000000000,0.004572868,0.177942231
0.0,synthetic_0164,near_allowed_boundary,synthetic_urdf_jacobian,true,false,true,true,0.373652144,0.137044258,1.903763012,2.013259207,-0.373652144,-0.413027844,-0.236582148,-1.602051432,0.000000000,0.000288486,0.112365067
0.0,synthetic_0165,near_allowed_boundary,synthetic_urdf_jacobian,false,false,true,true,0.283131347,0.041761157,1.614283351,2.856868653,-0.617891134,-0.137963586,0.934634706,2.822084884,44198.703125000,0.049543202,0.500000000
0.0,synthetic_0166,workspace_midrange,synthetic_urdf_jacobian,true,false,true,true,0.671125827,0.092027195,0.094441661,0.671125827,-2.182674433,0.578690485,-0.855580084,0.739841771,0.000000000,0.013021469,0.156382307
0.0,synthetic_0167,near_allowed_boundary,synthetic_urdf_jacobian,false,false,true,true,0.490618151,0.218310665,1.501475460,2.007070540,-1.190820527,-0.688037248,-1.079381849,-5.714265242,0.000000000,0.073658943,0.210309327
0.0,synthetic_0168,near_allowed_boundary,synthetic_urdf_jacobian,false,false,true,true,0.378734702,0.080694586,-2.239265298,0.808205388,-1.329704527,-0.216748058,-0.840359036,-2.419055680,0.000000000,0.064738989,0.148126826
0.0,synthetic_0169,near_allowed_boundary,synthetic_urdf_jacobian,true,false,true,true,0.266171708,0.241194971,-0.191263629,2.418995933,-1.067671367,-1.303828292,-0.052486051,-3.849675053,0.000000000,0.008273080,0.219999999
0.0,synthetic_0170,directional_extension,synthetic_urdf_jacobian,false,false,true,true,0.476871976,0.199948552,1.751455035,2.663128024,-1.337753749,0.671398841,0.530458047,3.884395480,0.000000000,0.041411638,0.196084455
0.0,synthetic_0171,near_allowed_boundary,synthetic_urdf_jacobian,true,false,true,true,0.266207330,0.098363075,-1.091765486,0.801178812,-0.826619118,1.303792670,-0.767317383,0.830909038,0.000000000,0.003995836,0.156291187
0.0,synthetic_0172,directional_extension,synthetic_urdf_jacobian,true,false,true,true,0.524216427,0.216197055,0.218267514,1.210905354,-0.816140799,-1.045783573,-0.364153110,-0.845115777,0.000000000,0.004051685,0.159999996
0.0,synthetic_0173,near_allowed_boundary,synthetic_urdf_jacobian,false,false,true,true,0.150593152,0.197063113,2.236006911,2.093422765,-0.920901575,1.419406848,-0.775948478,1.269236513,68605.359375000,0.081102431,0.548115969
0.0,synthetic_0174,near_allowed_boundary,synthetic_urdf_jacobian,true,false,true,true,0.611490555,0.100064580,-1.936581870,0.611490555,-0.960457435,0.925792935,0.385665154,0.978138287,0.000000000,0.000140131,0.153752953
0.0,synthetic_0175,near_allowed_boundary,synthetic_urdf_jacobian,false,false,true,true,0.205707420,0.124398874,-1.313803706,2.717498246,-2.071020637,1.364292580,-0.563219556,-2.892339027,0.000000000,0.064853907,0.267626584
0.0,synthetic_0176,near_allowed_boundary,synthetic_urdf_jacobian,false,false,true,true,0.478768146,0.083812190,-0.807887746,1.527802982,-2.283144864,-0.671026135,1.091231854,5.287980941,0.000000000,0.043819427,0.128320917
0.0,synthetic_0177,directional_extension,synthetic_urdf_jacobian,true,false,true,true,0.637658911,0.169918979,-1.701044899,1.403437483,-1.697327644,0.932341089,0.455575616,-1.127409057,0.000000000,0.018443584,0.160548270
0.0,synthetic_0178,near_allowed_boundary,synthetic_urdf_jacobian,true,false,true,true,0.708386980,0.100264358,1.425002434,1.868628808,-2.258713020,0.831063963,-0.097589453,4.744013133,0.000000000,0.002845764,0.195440784
0.0,synthetic_0179,workspace_midrange,synthetic_urdf_jacobian,false,false,true,true,0.579254944,0.120221176,0.815568815,0.579254944,-0.798970250,0.230624338,0.118085661,-0.984017579,0.000000000,0.041499853,0.173849374
0.0,synthetic_0180,near_allowed_boundary,synthetic_urdf_jacobian,true,false,true,true,0.329742999,0.090327016,0.804026248,0.329742999,-1.473325506,1.236839081,-0.838177330,-4.450215791,0.000000000,0.025345325,0.127246261
0.0,synthetic_0181,directional_extension,synthetic_urdf_jacobian,false,false,true,true,1.073942518,0.160435904,-0.441671579,1.625409655,-1.812867947,-0.045607476,0.496057482,3.589465250,0.000000000,0.046661615,0.167298928
0.0,synthetic_0182,near_allowed_boundary,synthetic_urdf_jacobian,true,false,true,true,0.209400476,0.062155135,-2.213344421,1.234062688,-1.165549224,-1.360599524,1.275716884,1.726465174,0.000000000,0.000308752,0.140000001
0.0,synthetic_0183,near_allowed_boundary,synthetic_urdf_jacobian,true,false,true,true,0.338164209,0.062814677,-0.074021863,1.423212617,-2.424349036,-1.231835791,0.513945449,5.198070070,0.000000000,0.000009298,0.024734057
0.0,synthetic_0184,near_allowed_boundary,synthetic_urdf_jacobian,true,false,true,true,0.210930311,0.035121483,1.443130925,0.210930311,-2.713167162,0.035950135,0.208070117,1.303806911,0.000000000,0.006405592,0.287341267
0.0,synthetic_0185,near_allowed_boundary,synthetic_urdf_jacobian,true,false,true,true,0.313115159,0.093212777,0.988990757,0.313115159,-0.391234947,0.331350572,-0.869857205,-1.866841789,0.000000000,0.000258356,0.156314015
0.0,synthetic_0186,near_allowed_boundary,synthetic_urdf_jacobian,true,false,true,true,0.459469296,0.169696827,0.383326266,2.003856701,-1.721646083,0.693979832,0.093227333,5.820530704,0.000000000,0.010576725,0.222515225
0.0,synthetic_0187,near_allowed_boundary,synthetic_urdf_jacobian,false,false,true,true,0.424945182,0.059638624,1.744856567,0.576274183,-2.542154818,1.004024044,0.305955110,5.838500925,0.000000000,0.036551476,0.179332271
0.0,synthetic_0188,near_allowed_boundary,synthetic_urdf_jacobian,true,false,true,true,0.248651619,0.030831183,-0.316719529,0.659207380,-2.718448381,0.762780610,-1.182809081,1.764252652,0.000000000,0.028127789,0.225733489
0.0,synthetic_0189,near_allowed_boundary,synthetic_urdf_jacobian,false,false,true,true,0.299647612,0.114890977,0.313651046,2.250374030,-0.299647612,-0.748278967,-0.049404377,3.084150963,290806.218750000,0.067226708,0.778335869
0.0,synthetic_0190,near_allowed_boundary,synthetic_urdf_jacobian,true,false,true,true,0.344006120,0.071350354,-1.469160080,0.411313011,-2.448978892,1.225993880,0.821967577,-3.672962970,0.000000000,0.026581526,0.202363551
0.0,synthetic_0191,near_allowed_boundary,synthetic_urdf_jacobian,true,false,true,true,0.228431706,0.143307013,-2.389568294,1.961405993,-1.958542160,-0.772608897,-0.853261990,-0.340517043,0.000000000,0.017402411,0.208469346
0.0,synthetic_0192,near_allowed_boundary,synthetic_urdf_jacobian,true,false,true,true,0.319782891,0.125228435,-0.778646823,2.820217109,-1.307821509,1.136358251,1.205973809,4.905624328,0.000000000,0.004804850,0.190138206
0.0,synthetic_0193,near_allowed_boundary,synthetic_urdf_jacobian,true,false,true,true,0.207548285,0.108247841,-0.008166659,1.806542364,-1.392178083,-1.362451715,1.267804564,-4.277632271,0.000000000,0.018854141,0.178727910
0.0,synthetic_0194,workspace_midrange,synthetic_urdf_jacobian,false,false,true,true,0.719942966,0.194857422,0.263858375,2.088719913,-0.719942966,0.119913830,0.395074896,4.010360747,0.000000000,0.041434765,0.144574896
0.0,synthetic_0195,near_allowed_boundary,synthetic_urdf_jacobian,true,false,true,true,0.358489134,0.179853811,0.708455969,2.043830756,-0.539257761,-1.211510866,0.052599784,-5.804472189,0.000000000,0.006238937,0.159999996
0.0,synthetic_0196,near_allowed_boundary,synthetic_urdf_jacobian,false,false,true,true,0.230958216,0.061962766,-1.720757858,0.230958216,-0.506747305,-0.483543461,0.060012629,3.521782320,0.000000000,0.043992519,0.143030703
0.0,synthetic_0197,near_allowed_boundary,synthetic_urdf_jacobian,true,false,true,true,0.359266648,0.133522944,0.932394727,2.780733352,-1.510744582,0.574923395,1.044423260,-4.815764498,0.000000000,0.008773804,0.219347686
0.0,synthetic_0198,near_allowed_boundary,synthetic_urdf_jacobian,true,false,true,true,0.399903694,0.040154190,-0.148794936,0.399903694,-1.331620350,-0.530076496,0.967015096,-0.387650540,0.000000000,0.014282763,0.126849085
0.0,synthetic_0199,near_allowed_boundary,synthetic_urdf_jacobian,true,false,true,true,0.205979928,0.179043293,-1.663948796,2.630396744,-1.681274134,-1.364020072,-0.656923642,-1.433201089,0.000000000,0.000490665,0.270170242
0.0,synthetic_0200,near_allowed_boundary,synthetic_urdf_jacobian,false,false,true,true,0.279541967,0.134463311,-2.338458033,0.547916760,-2.026281196,-0.461263442,-0.177274321,-2.481205595,0.000000000,0.041728973,0.148488566
0.0,synthetic_0201,near_allowed_boundary,synthetic_urdf_jacobian,true,false,true,true,0.366584717,0.147139813,-0.885181561,1.462303721,-1.878460172,0.709392092,0.798241114,-5.913415283,0.000000000,0.011688709,0.149211556
0.0,synthetic_0202,near_allowed_boundary,synthetic_urdf_jacobian,true,false,true,true,0.439166369,0.142717544,-1.667912842,0.439166369,-1.875963888,-0.408220028,0.707992391,2.813916741,0.000000000,0.016302347,0.164618284
0.0,synthetic_0203,near_allowed_boundary,synthetic_urdf_jacobian,true,false,true,true,0.166093708,0.219847029,1.887599120,2.089714378,-1.228750894,1.403906292,0.403185471,-1.355076244,0.000000000,0.021038055,0.180000007
0.0,synthetic_0204,near_allowed_boundary,synthetic_urdf_jacobian,false,false,true,true,0.251533794,0.082544090,-0.963669372,0.251533794,-0.298988521,0.717496474,-0.349108494,4.597823772,0.000000000,0.064335823,0.171047732
0.0,synthetic_0205,near_allowed_boundary,synthetic_urdf_jacobian,false,false,true,true,0.267930241,0.090083783,1.297790545,1.471092361,-0.267930241,1.114414651,-0.153228728,-0.894858191,244726.437500000,1.592600584,1.000000000
0.0,synthetic_0206,near_allowed_boundary,synthetic_urdf_jacobian,true,false,true,true,0.344837846,0.088367720,-1.719229284,0.440836244,-1.864383647,-0.810546445,-1.225162154,2.886981641,0.000000000,0.003547788,0.192713663
0.0,synthetic_0207,near_allowed_boundary,synthetic_urdf_jacobian,false,false,true,true,0.341637106,0.087361303,2.276362894,2.102183002,-0.396886838,1.051842113,0.414794408,0.277234295,837411.437500000,0.246802986,1.000000000
0.0,synthetic_0208,directional_extension,synthetic_urdf_jacobian,true,false,true,true,0.638669364,0.143768367,-0.701398727,1.555732339,-1.960288920,-0.931330636,-0.013271305,1.975791052,0.000000000,0.000289798,0.114369862
0.0,synthetic_0209,near_allowed_boundary,synthetic_urdf_jacobian,true,false,true,true,0.150272755,0.148330220,0.421115433,2.245416732,-1.921033711,-1.419727245,-0.816046953,-2.578334705,0.000000000,0.001970291,0.250047028
0.0,synthetic_0210,near_allowed_boundary,synthetic_urdf_jacobian,true,false,true,true,0.177537732,0.241272855,0.262125624,1.256042304,-1.063023328,-0.784002111,-0.090830912,-6.102462268,0.000000000,0.000281304,0.159165457
0.0,synthetic_0211,near_allowed_boundary,synthetic_urdf_jacobian,false,false,true,true,0.377775001,0.062342597,0.919578764,2.607618893,-0.526974259,1.064100853,-0.862985149,5.902224999,722346.375000000,0.282221735,1.000000000
0.0,synthetic_0212,near_allowed_boundary,synthetic_urdf_jacobian,true,false,true,true,0.351570923,0.055674839,0.253562594,0.677046605,-2.574249710,-1.218429077,0.388987234,1.576488212,0.000000000,0.000408232,0.201241449
0.0,synthetic_0213,near_allowed_boundary,synthetic_urdf_jacobian,true,false,true,true,0.199785153,0.207253509,1.415436576,2.020466253,-1.431798641,-0.957586526,0.665905726,-6.080214847,0.000000000,0.017569065,0.220972762
0.0,synthetic_0214,near_allowed_boundary,synthetic_urdf_jacobian,true,false,true,true,0.356556612,0.066217203,0.791268603,0.619482219,-2.393531180,1.153301230,1.213443388,2.700699180,0.000000000,0.003255844,0.178385273
0.0,synthetic_0215,near_allowed_boundary,synthetic_urdf_jacobian,true,false,true,true,0.483996917,0.151427995,-1.339564875,1.483028898,-1.893754618,-1.086003083,-0.747442152,-5.419301627,0.000000000,0.008401871,0.127385959
0.0,synthetic_0216,near_allowed_boundary,synthetic_urdf_jacobian,true,false,true,true,0.286732437,0.026988841,2.331267563,0.821078320,-1.784584768,-0.719618971,0.429567312,0.766609514,0.000000000,0.000175714,0.054729670
0.0,synthetic_0217,near_allowed_boundary,synthetic_urdf_jacobian,false,false,true,true,0.182424230,0.099342269,1.311326365,0.182424230,-2.271210371,0.280415149,0.217450082,3.977616702,0.000000000,0.050011158,0.257091045
0.0,synthetic_0218,near_allowed_boundary,synthetic_urdf_jacobian,true,false,true,true,0.547579324,0.166164257,-2.070420676,1.204073080,-1.740242001,0.036996458,-0.421941017,2.877051643,0.000000000,0.006896734,0.149881139
0.0,synthetic_0219,near_allowed_boundary,synthetic_urdf_jacobian,false,false,true,true,0.322179399,0.140793980,-1.953112664,0.322179399,-1.980972243,-1.166193862,-0.305551877,0.961557149,0.000000000,0.043514848,0.215910658
0.0,synthetic_0220,near_allowed_boundary,synthetic_urdf_jacobian,true,false,true,true,0.235775700,0.115473964,-2.052439969,1.455820326,-1.336012327,0.183291573,-1.334224300,3.349852415,0.000000000,0.013541222,0.174806997
0.0,synthetic_0221,workspace_midrange,synthetic_urdf_jacobian,true,false,true,true,0.621227765,0.144857427,1.095764418,0.993511747,-1.559974602,0.679276538,0.948772235,-3.092996716,0.000000000,0.009650946,0.154625997
0.0,synthetic_0222,near_allowed_boundary,synthetic_urdf_jacobian,false,false,true,true,0.274925662,0.093036050,1.336827228,1.354723370,-0.274925662,1.074558006,-0.403304074,-1.718453376,122925.781250000,0.430596590,1.000000000
0.0,synthetic_0223,near_allowed_boundary,synthetic_urdf_jacobian,true,false,true,true,0.261768777,0.076447693,-0.069914188,2.878231223,-2.433089499,0.138879597,0.419498543,2.697875212,0.000000000,0.006949425,0.309456110
0.0,synthetic_0224,near_allowed_boundary,synthetic_urdf_jacobian,false,false,true,true,0.233678483,0.130678915,-2.136721097,1.852055502,-1.615728717,-0.456056025,1.336321517,-4.830082966,0.000000000,0.037076950,0.207019880
0.0,synthetic_0225,near_allowed_boundary,synthetic_urdf_jacobian,true,false,true,true,0.288416384,0.125042194,1.030102638,0.730383713,-0.288416384,0.000893348,-0.132379241,-3.083369403,0.000000000,0.000226438,0.177947387
0.0,synthetic_0226,near_allowed_boundary,synthetic_urdf_jacobian,true,false,true,true,0.342226648,0.047442037,0.166735081,2.604694235,-2.624873352,0.449363265,-1.003785541,-3.370635989,0.000000000,0.005652189,0.328416556
0.0,synthetic_0227,directional_extension,synthetic_urdf_jacobian,true,false,true,true,0.712008754,0.105703548,-1.742415223,2.427991246,-2.227642149,-0.069061740,-0.737601360,3.231563409,0.000000000,0.014142275,0.286650062
0.0,synthetic_0228,workspace_midrange,synthetic_urdf_jacobian,false,false,true,true,0.490938810,0.137886507,0.725627353,1.093123484,-1.224291611,-0.384635760,1.079061190,-4.180914808,0.000000000,0.041951656,0.160606727
0.0,synthetic_0229,near_allowed_boundary,synthetic_urdf_jacobian,true,false,true,true,0.240873888,0.035837793,-2.377126112,0.433148010,-1.419560838,0.262043107,0.948284004,5.573984258,0.000000000,0.010061741,0.108489998
0.0,synthetic_0230,directional_extension,synthetic_urdf_jacobian,false,false,true,true,0.526851778,0.166524749,-0.487161359,2.489294295,-1.736471768,-0.367334052,-1.043148222,4.519690482,0.000000000,0.035314083,0.265473336
0.0,synthetic_0231,near_allowed_boundary,synthetic_urdf_jacobian,true,false,true,true,0.158981429,0.191070247,-0.808974546,1.986602727,-1.437767951,1.411018571,-0.693999490,0.631373395,0.000000000,0.012567163,0.204450727
0.0,synthetic_0232,near_allowed_boundary,synthetic_urdf_jacobian,true,false,true,true,0.443994157,0.128707639,1.429624821,0.692670039,-0.621613155,0.165202040,-1.126005843,5.738375969,0.000000000,0.010663509,0.169108927
0.0,synthetic_0233,near_allowed_boundary,synthetic_urdf_jacobian,true,false,true,true,0.250430090,0.153104479,-0.435100669,1.500153559,-0.724860645,1.319569910,-0.722670585,-4.460611113,0.000000000,0.000252068,0.078011312
0.0,synthetic_0234,near_allowed_boundary,synthetic_urdf_jacobian,false,false,true,true,0.308614055,0.111550879,1.207991699,2.072786522,-1.626185059,0.419203594,1.261385945,4.191828595,0.000000000,0.043267250,0.244354293
0.0,synthetic_0235,near_allowed_boundary,synthetic_urdf_jacobian,true,false,true,true,0.492689204,0.191302881,0.529469362,2.647310796,-1.440263235,0.319754963,0.611065458,-5.101737939,0.000000000,0.000293970,0.219999999
0.0,synthetic_0236,near_allowed_boundary,synthetic_urdf_jacobian,true,false,true,true,0.236329827,0.062046209,-2.189891230,0.236329827,-2.532159135,-0.694425025,-1.282581513,1.182432169,0.000000000,0.001897216,0.281721413
0.0,synthetic_0237,near_allowed_boundary,synthetic_urdf_jacobian,false,false,true,true,0.301334779,0.045879759,1.462178399,2.736254553,-2.624215068,0.451554745,-1.268665221,1.007634148,0.000000000,0.043139040,0.319279522
0.0,synthetic_0238,near_allowed_boundary,synthetic_urdf_jacobian,false,false,true,true,0.175870584,0.043712464,0.611627809,1.816375736,-0.175870584,0.322769844,-0.948180964,5.306261766,51888.121093750,0.057041109,0.490434915
0.0,synthetic_0239,near_allowed_boundary,synthetic_urdf_jacobian,true,false,true,true,0.388568658,0.118821920,-0.992080067,1.681969915,-1.663546760,0.871138366,-1.181431342,-1.623064906,0.000000000,0.022328734,0.165958926
0.0,synthetic_0240,near_allowed_boundary,synthetic_urdf_jacobian,false,false,true,true,0.395618798,0.140630099,-0.282756078,1.846655272,-0.395618798,-0.563745291,-0.438675808,2.108795123,5025.636718750,0.039651155,0.259999990
0.0,synthetic_0241,directional_extension,synthetic_urdf_jacobian,false,false,true,true,1.002728063,0.140504769,-1.436586187,1.598066376,-1.964371937,0.351450282,0.228817067,2.279265121,0.000000000,0.077453852,0.157133088
0.0,synthetic_0242,near_allowed_boundary,synthetic_urdf_jacobian,true,false,true,true,0.188986405,0.025004418,-0.347019173,0.813555738,-2.778113595,0.288539552,-0.781526252,-6.070829858,0.000000000,0.017483711,0.209889263
0.0,synthetic_0243,workspace_midrange,synthetic_urdf_jacobian,true,false,true,true,0.928534247,0.174196176,-0.616858123,0.928534247,-0.996174660,-0.574262655,-0.375845981,2.745169848,0.000000000,0.011880159,0.175909802
0.0,synthetic_0244,near_allowed_boundary,synthetic_urdf_jacobian,true,false,true,true,0.340750920,0.032647992,0.859626132,0.606476768,-1.252014927,1.229249080,1.162559480,4.283430729,0.000000000,0.015436649,0.150408283
0.0,synthetic_0245,near_allowed_boundary,synthetic_urdf_jacobian,true,false,true,true,0.264766837,0.097428318,-1.075981026,2.875233163,-2.284614824,-0.278660422,-1.095858990,0.804394952,0.000000000,0.025217474,0.324061513
0.0,synthetic_0246,near_allowed_boundary,synthetic_urdf_jacobian,true,false,true,true,0.169169992,0.021883755,1.099011454,2.102880778,-2.797930008,1.370211095,-0.539572160,2.959383267,0.000000000,0.011838198,0.196730867
0.0,synthetic_0247,near_allowed_boundary,synthetic_urdf_jacobian,true,false,true,true,0.512289392,0.164167794,2.105710608,2.365674045,-1.421565414,0.109790627,-1.011684059,-1.445785555,0.000000000,0.014012575,0.239999995
0.0,synthetic_0248,near_allowed_boundary,synthetic_urdf_jacobian,false,false,true,true,0.392710725,0.224526149,1.591869752,2.084561136,-1.047416905,0.515262420,-0.427301331,5.887289275,0.000000000,0.033444881,0.183733746
0.0,synthetic_0249,near_allowed_boundary,synthetic_urdf_jacobian,true,false,true,true,0.217076575,0.052121353,-1.874980380,0.217076575,-1.213622918,-1.300295378,-1.271062085,-1.073450902,0.000000000,0.014406800,0.137659013
0.0,synthetic_0250,directional_extension,synthetic_urdf_jacobian,true,false,true,true,0.495109835,0.069846790,-0.255245390,2.504253817,-2.471990165,1.046064018,-0.269793972,4.327538181,0.000000000,0.000122547,0.284964055
0.0,synthetic_0251,near_allowed_boundary,synthetic_urdf_jacobian,false,false,true,true,0.286517854,0.182416747,-1.720956496,0.286517854,-1.654708509,-0.807545501,-0.061762218,3.925608835,0.000000000,0.045024395,0.168636933
0.0,synthetic_0252,near_allowed_boundary,synthetic_urdf_jacobian,true,false,true,true,0.396554107,0.118982939,1.902476460,0.396554107,-2.131415624,-0.554195133,-0.924796105,-0.404231472,0.000000000,0.006941915,0.211581573
0.0,synthetic_0253,near_allowed_boundary,synthetic_urdf_jacobian,true,false,true,true,0.320434345,0.044547986,-2.203498948,0.710271961,-2.643396063,-0.122311768,1.249565655,-4.252587586,0.000000000,0.013081551,0.213467598
0.0,synthetic_0254,near_allowed_boundary,synthetic_urdf_jacobian,true,false,true,true,0.596939982,0.179520488,1.910931996,1.046771023,-0.824427921,0.973060018,0.298319813,2.688074707,0.000000000,0.018916368,0.140000001
0.0,synthetic_0255,near_allowed_boundary,synthetic_urdf_jacobian,false,false,true,true,0.347140198,0.099275620,0.652149729,2.792859802,-0.740129492,-0.226455513,-0.593703367,-4.207207060,734836.562500000,0.215380073,1.000000000
0.0,synthetic_0256,workspace_midrange,synthetic_urdf_jacobian,true,false,true,true,0.484982504,0.088580163,0.059892425,0.800748708,-2.190712337,1.085017496,0.567278650,0.483836316,0.000000000,0.008767694,0.078914858
0.0,synthetic_0257,directional_extension,synthetic_urdf_jacobian,true,false,true,true,0.924297130,0.164489904,1.693702870,1.642080650,-1.765117478,0.526840195,0.308958020,-3.573693784,0.000000000,0.013493061,0.166943163
0.0,synthetic_0258,near_allowed_boundary,synthetic_urdf_jacobian,true,false,true,true,0.275820295,0.075392854,-0.895483535,1.743205722,-2.233961577,1.183947500,-1.294179705,4.614196236,0.000000000,0.000311852,0.140000001
0.0,synthetic_0259,near_allowed_boundary,synthetic_urdf_jacobian,true,false,true,true,0.249145016,0.101118403,2.368854984,1.897282310,-2.251955866,0.879702688,-0.166610888,2.604620209,0.000000000,0.010258913,0.193789959
0.0,synthetic_0260,near_allowed_boundary,synthetic_urdf_jacobian,true,false,true,true,0.272051360,0.048033898,-0.875324381,0.778922175,-0.272051360,-1.204878064,-1.255027200,3.466893902,0.000000000,0.025719881,0.162219658
0.0,synthetic_0261,workspace_midrange,synthetic_urdf_jacobian,false,false,true,true,1.034592041,0.111800766,1.359885341,1.034592041,-1.819446708,0.533712249,0.283418185,1.820345033,0.000000000,0.072689533,0.126611888
0.0,synthetic_0262,near_allowed_boundary,synthetic_urdf_jacobian,true,false,true,true,0.206109075,0.076793873,-0.319198763,2.933890925,-2.422401332,0.374137375,-0.834640844,-2.024630985,0.000000000,0.021557331,0.312105179
0.0,synthetic_0263,directional_extension,synthetic_urdf_jacobian,true,false,true,true,0.646621443,0.222416151,-0.999421350,2.493378557,-1.270340497,-0.480547557,0.101056560,-0.475208838,0.000000000,0.008418679,0.219999999
0.0,synthetic_0264,near_allowed_boundary,synthetic_urdf_jacobian,true,false,true,true,0.221167724,0.082677705,0.462185990,0.738078750,-0.677601562,-1.348832276,-0.786101991,1.592180088,0.000000000,0.013940930,0.129815802
0.0,synthetic_0265,near_allowed_boundary,synthetic_urdf_jacobian,true,false,true,true,0.444947328,0.116790297,-1.816460278,1.344812948,-2.021571111,-0.657372597,-0.752855946,5.835052672,0.000000000,0.006350279,0.111016981
0.0,synthetic_0266,near_allowed_boundary,synthetic_urdf_jacobian,true,false,true,true,0.376071941,0.082414208,-0.890131973,0.484765890,-0.376071941,-0.970284589,0.672223663,1.947178331,0.000000000,0.000256836,0.149371937
0.0,synthetic_0267,near_allowed_boundary,synthetic_urdf_jacobian,true,false,true,true,0.255941606,0.090713182,1.074346574,2.346327329,-2.336213831,-1.314058394,-0.196718233,-0.675770380,0.000000000,0.002818272,0.250884712
0.0,synthetic_0268,near_allowed_boundary,synthetic_urdf_jacobian,true,false,true,true,0.264765049,0.063063577,-1.300056325,2.450438203,-2.526326857,-0.007071837,0.080841028,-6.015234951,0.000000000,0.000245333,0.286677510
0.0,synthetic_0269,workspace_midrange,synthetic_urdf_jacobian,false,false,true,true,0.606746973,0.158491427,1.534629762,1.167229720,-1.595450970,-0.963253027,-0.286538001,-0.581998204,0.000000000,0.032427192,0.117078394
0.0,synthetic_0270,near_allowed_boundary,synthetic_urdf_jacobian,true,false,true,true,0.250746235,0.054079084,0.504986917,0.250746235,-1.677082321,-0.031211484,1.285164908,1.173474520,0.000000000,0.007991314,0.162971497
0.0,synthetic_0271,near_allowed_boundary,synthetic_urdf_jacobian,true,false,true,true,0.199567870,0.193794827,0.916669192,1.400131879,-1.500128674,1.370432130,-0.241164677,6.053297602,0.000000000,0.000340223,0.140000001
0.0,synthetic_0272,near_allowed_boundary,synthetic_urdf_jacobian,true,false,true,true,0.387516428,0.162486096,0.540292665,2.752483572,-1.278598616,0.913637264,0.915092884,-1.400993230,0.000000000,0.027576685,0.180000007
0.0,synthetic_0273,near_allowed_boundary,synthetic_urdf_jacobian,false,false,true,true,0.321574304,0.132247788,-0.842889622,2.818425696,-1.938776248,0.804988156,-0.916128143,-0.133432936,0.000000000,0.038810745,0.268534362
0.0,synthetic_0274,near_allowed_boundary,synthetic_urdf_jacobian,false,false,true,true,0.248919903,0.024270038,-0.602850621,0.933723448,-2.182121372,1.321080097,0.479497614,-0.428874478,0.000000000,0.046407431,0.081491888
0.0,synthetic_0275,near_allowed_boundary,synthetic_urdf_jacobian,false,false,true,true,0.514640471,0.221751905,0.359564135,2.551230433,-1.011926212,-1.055359529,-0.821135052,4.797732364,0.000000000,0.068049908,0.201556265
0.0,synthetic_0276,directional_extension,synthetic_urdf_jacobian,true,false,true,true,0.539122250,0.083998071,0.284722695,1.826946985,-2.382383962,-1.030877750,-0.804583515,-2.140019735,0.000000000,0.001108885,0.137510374
0.0,synthetic_0277,near_allowed_boundary,synthetic_urdf_jacobian,true,false,true,true,0.739859096,0.242187283,0.290763529,1.207717335,-1.010075487,-0.195115093,0.040691573,5.540140904,0.000000000,0.023565769,0.177812442
0.0,synthetic_0278,near_allowed_boundary,synthetic_urdf_jacobian,true,false,true,true,0.358454340,0.211659424,-2.259545660,1.958623894,-0.853572380,-0.908464625,1.023837084,-4.623960754,0.000000000,0.004503250,0.180000007
0.0,synthetic_0279,workspace_midrange,synthetic_urdf_jacobian,true,false,true,true,0.697297936,0.035388879,1.524119287,0.697297936,-1.680055436,-0.296671701,0.205417266,1.650425774,0.000000000,0.000222445,0.068585850
0.0,synthetic_0280,near_allowed_boundary,synthetic_urdf_jacobian,true,false,true,true,0.349708143,0.171825402,-2.268291857,2.464084221,-1.413108738,1.188515684,-0.940110604,-0.682681888,0.000000000,0.003453016,0.218216628
0.0,synthetic_0281,near_allowed_boundary,synthetic_urdf_jacobian,true,false,true,true,0.244681248,0.166554519,2.248230721,1.952488200,-1.464512842,-0.084407402,1.178843475,-6.035318752,0.000000000,0.022404194,0.220431626
0.0,synthetic_0282,near_allowed_boundary,synthetic_urdf_jacobian,true,false,true,true,0.196721547,0.144677325,2.421278453,1.487284134,-0.625407068,-0.047294747,0.928492736,-4.923145867,0.000000000,0.005136922,0.117996156
0.0,synthetic_0283,near_allowed_boundary,synthetic_urdf_jacobian,true,false,true,true,0.575036993,0.094970618,0.731884682,0.575036993,-2.258017373,0.005419687,-0.947975261,5.106490716,0.000000000,0.012124062,0.187011495
0.0,synthetic_0284,near_allowed_boundary,synthetic_urdf_jacobian,false,false,true,true,0.195557743,0.072119960,2.422442257,2.286809667,-0.566088208,-0.479336273,-1.117027566,2.807768229,106117.929687500,0.160420895,1.000000000
0.0,synthetic_0285,near_allowed_boundary,synthetic_urdf_jacobian,true,false,true,true,0.225801337,0.089427342,1.451061173,2.123175582,-2.344886104,-1.344198663,0.154941483,-4.291972263,0.000000000,0.000434399,0.200000003
0.0,synthetic_0286,near_allowed_boundary,synthetic_urdf_jacobian,true,false,true,true,0.340794078,0.114078668,-1.013394453,1.502991974,-2.147912930,1.229205922,-0.507197764,0.747373044,0.000000000,0.027835429,0.139484525
0.0,synthetic_0287,near_allowed_boundary,synthetic_urdf_jacobian,false,false,true,true,0.283327454,0.152380819,2.334672546,2.055335317,-1.788227819,0.718645991,-0.870337527,-4.855239017,0.000000000,0.048682690,0.240547717
0.0,synthetic_0288,near_allowed_boundary,synthetic_urdf_jacobian,true,false,true,true,0.341413636,0.220053242,-2.276586364,2.046576894,-1.062179996,0.485523983,0.492446189,1.014851738,0.000000000,0.000581026,0.182122990
0.0,synthetic_0289,near_allowed_boundary,synthetic_urdf_jacobian,true,false,true,true,0.437493710,0.068848340,2.180506290,1.455939772,-2.488179275,-0.710016309,-0.260231626,1.377047206,0.000000000,0.000220299,0.037480384
0.0,synthetic_0290,workspace_midrange,synthetic_urdf_jacobian,false,false,true,true,0.589819000,0.127340447,-0.702213684,1.387416138,-2.034083718,0.646762972,0.980181000,-1.976512904,0.000000000,0.068922758,0.141928017
0.0,synthetic_0291,near_allowed_boundary,synthetic_urdf_jacobian,false,false,true,true,0.216871731,0.106141322,1.482529165,0.709720719,-0.216871731,-0.408525877,0.458391882,1.253101830,0.000000000,0.103764653,0.154567927
0.0,synthetic_0292,near_allowed_boundary,synthetic_urdf_jacobian,true,false,true,true,0.274352664,0.038230690,-2.062490704,1.813768823,-2.692747336,-0.040952579,0.105614767,5.541490712,0.000000000,0.000303268,0.119108483
0.0,synthetic_0293,near_allowed_boundary,synthetic_urdf_jacobian,true,false,true,true,0.288008764,0.064291103,-1.568987833,0.288008764,-1.144850040,-0.539720466,0.142785798,-2.997498518,0.000000000,0.000241518,0.086396478
0.0,synthetic_0294,near_allowed_boundary,synthetic_urdf_jacobian,true,false,true,true,0.283098062,0.072648648,0.240389702,2.856901938,-2.447852010,0.937808304,0.660980211,5.713571063,0.000000000,0.014051914,0.313827813
0.0,synthetic_0295,near_allowed_boundary,synthetic_urdf_jacobian,true,false,true,true,0.315608994,0.147035863,-0.056529593,1.442963368,-1.362637031,-0.394215476,-1.254391006,0.840953904,0.000000000,0.016620636,0.173139110
0.0,synthetic_0296,directional_extension,synthetic_urdf_jacobian,false,false,true,true,0.610416956,0.214873301,-0.543684988,1.585113580,-0.951326422,-0.301556387,-0.959583044,4.055116445,0.000000000,0.040523052,0.166795582
0.0,synthetic_0297,near_allowed_boundary,synthetic_urdf_jacobian,false,false,true,true,0.425389876,0.116976372,2.192610124,0.816787476,-1.187972111,-0.348309095,0.573349060,-5.459708620,0.000000000,0.059511185,0.138859034
0.0,synthetic_0298,near_allowed_boundary,synthetic_urdf_jacobian,false,false,true,true,0.519948435,0.073983182,2.070175449,2.577087709,-2.447151565,0.400601417,-0.481089211,-3.555047244,0.000000000,0.040221214,0.304012299
0.0,synthetic_0299,directional_extension,synthetic_urdf_jacobian,true,false,true,true,0.519994803,0.142086206,1.715196882,2.288517843,-1.277710606,0.342031865,1.050005197,-1.944582976,0.000000000,0.003346175,0.226913720
0.0,synthetic_0300,workspace_midrange,synthetic_urdf_jacobian,true,false,true,true,0.691084614,0.213547998,-1.102274058,2.004128594,-0.691084614,0.368014236,-0.087226227,-1.339587729,0.000000000,0.000450373,0.136199757
0.0,synthetic_0301,near_allowed_boundary,synthetic_urdf_jacobian,false,false,true,true,0.268804420,0.072789744,-2.110780253,2.326108666,-0.268804420,-0.734910477,0.557545205,1.259916686,448705.593750000,0.121952444,0.860065460
0.0,synthetic_0302,directional_extension,synthetic_urdf_jacobian,true,false,true,true,0.533166479,0.097025570,1.543693511,2.089723717,-2.294148190,-1.036833521,-0.463454334,-3.848066436,0.000000000,0.009384155,0.222523555
0.0,synthetic_0303,near_allowed_boundary,synthetic_urdf_jacobian,false,false,true,true,0.267425444,0.031982984,0.505329136,0.399538092,-1.016053827,0.810365368,-1.302574556,4.747238121,0.000000000,0.057586193,0.140159279
0.0,synthetic_0304,near_allowed_boundary,synthetic_urdf_jacobian,false,false,true,true,0.228664472,0.169565635,1.581034343,0.271192630,-1.356564053,-1.341335528,-0.065747920,-5.136073750,0.000000000,0.052384377,0.143773690
0.0,synthetic_0305,near_allowed_boundary,synthetic_urdf_jacobian,true,false,true,true,0.233025948,0.052987770,0.374520078,0.368940441,-2.579244652,1.336974052,0.876546616,2.116635759,0.000000000,0.000394672,0.219999999
0.0,synthetic_0306,directional_extension,synthetic_urdf_jacobian,false,false,true,true,0.426124562,0.060924421,1.418376468,0.757211484,-2.540975438,-0.505287674,0.741197107,3.131542539,0.000000000,0.085948467,0.191661701
0.0,synthetic_0307,directional_extension,synthetic_urdf_jacobian,false,false,true,true,0.888395452,0.197961228,1.074069629,1.334245383,-1.460372054,0.681604548,0.248567160,-3.416750793,0.000000000,0.052600384,0.159999996
0.0,synthetic_0308,near_allowed_boundary,synthetic_urdf_jacobian,true,false,true,true,0.439241976,0.165645972,0.026271845,2.700758024,-1.443733966,-0.475217997,1.082348976,-3.169779823,0.000000000,0.005882025,0.239106372
0.0,synthetic_0309,workspace_midrange,synthetic_urdf_jacobian,false,false,true,true,0.475258067,0.096550731,0.244454775,2.664741933,-0.492519501,-1.044617559,-0.553586567,-1.130683928,260650.500000000,0.192369729,0.963578045
0.0,synthetic_0310,directional_extension,synthetic_urdf_jacobian,false,false,true,true,0.964826406,0.208791713,1.345200458,2.100184610,-1.385586504,-0.349721026,-0.605173594,1.011112574,0.000000000,0.045381546,0.227904335
0.0,synthetic_0311,near_allowed_boundary,synthetic_urdf_jacobian,false,false,true,true,0.564761381,0.171738251,-0.334634827,2.353370009,-1.738562764,-1.005238619,-0.943103309,5.552368981,0.000000000,0.069134712,0.278708309
0.0,synthetic_0312,near_allowed_boundary,synthetic_urdf_jacobian,true,false,true,true,0.299257627,0.140580178,0.593229363,0.991999061,-0.564824546,1.270742373,0.132640414,-0.575689402,0.000000000,0.000300944,0.119999997
0.0,synthetic_0313,near_allowed_boundary,synthetic_urdf_jacobian,true,false,true,true,0.401002779,0.068804373,-0.559935169,1.215251971,-0.512369650,0.602412021,1.168997221,-5.724363655,0.000000000,0.010300159,0.144320086
0.0,synthetic_0314,near_allowed_boundary,synthetic_urdf_jacobian,true,false,true,true,0.800120930,0.222668882,-1.817879070,1.640261301,-1.251529868,-0.198181608,0.049905091,4.920421507,0.000000000,0.018923283,0.171551749
0.0,synthetic_0315,workspace_midrange,synthetic_urdf_jacobian,false,false,true,true,0.894280784,0.086387071,0.310334646,0.894280784,-1.483972437,-0.574574168,0.370621147,1.071162641,0.000000000,0.076053977,0.123085424
0.0,synthetic_0316,near_allowed_boundary,synthetic_urdf_jacobian,true,false,true,true,0.223754791,0.201932035,1.026827226,2.916245209,-1.487173085,-1.313254342,-0.014412948,0.097131823,0.000000000,0.000395775,0.239999995
0.0,synthetic_0317,near_allowed_boundary,synthetic_urdf_jacobian,true,false,true,true,0.355363314,0.079027295,1.435110175,2.784636686,-2.387089591,1.095996152,-0.929661549,1.106337431,0.000000000,0.017729998,0.297694296
0.0,synthetic_0318,near_allowed_boundary,synthetic_urdf_jacobian,false,false,true,true,0.173042267,0.166206026,-2.444957733,2.549775800,-1.717798196,-0.804539247,1.267103822,-5.077782257,0.000000000,0.036415577,0.270824254
0.0,synthetic_0319,workspace_midrange,synthetic_urdf_jacobian,true,false,true,true,0.593196040,0.111494828,-0.730747314,1.474035451,-2.112556084,-0.404062981,0.976803960,-3.718637421,0.000000000,0.014865637,0.126347974
0.0,synthetic_0320,workspace_midrange,synthetic_urdf_jacobian,true,false,true,true,0.753170608,0.083864074,0.280485435,0.753170608,-1.165297889,-0.708841593,-0.524307705,0.328450373,0.000000000,0.008427322,0.127643123
0.0,synthetic_0321,near_allowed_boundary,synthetic_urdf_jacobian,true,false,true,true,0.612002539,0.104779662,-1.225139600,2.222160390,-2.218095946,0.957997461,0.570279540,-4.545683903,0.000000000,0.000486374,0.249594733
0.0,synthetic_0322,near_allowed_boundary,synthetic_urdf_jacobian,true,false,true,true,0.338007178,0.087905249,0.099486237,0.338007178,-2.357946807,-0.531386265,0.590300957,1.450124201,0.000000000,0.010129333,0.242129788
0.0,synthetic_0323,workspace_midrange,synthetic_urdf_jacobian,true,false,true,true,0.667912767,0.121154447,0.158111494,0.667912767,-2.023728105,0.529832035,-0.026735722,-2.174430839,0.000000000,0.004916906,0.115090802
0.0,synthetic_0324,near_allowed_boundary,synthetic_urdf_jacobian,false,false,true,true,0.280748881,0.075237582,-2.127375170,0.280748881,-0.351646509,-0.238450920,1.115105694,-3.154051488,0.000000000,0.054330826,0.185609698
0.0,synthetic_0325,near_allowed_boundary,synthetic_urdf_jacobian,true,false,true,true,0.463552488,0.163259041,0.445668211,0.875598739,-0.463552488,-0.784569270,0.129943698,5.718168216,0.000000000,0.006961823,0.157820001
0.0,synthetic_0326,near_allowed_boundary,synthetic_urdf_jacobian,true,false,true,true,0.161259469,0.093596656,1.135603312,1.724821740,-1.845674971,0.085181584,-1.408740531,-4.527610669,0.000000000,0.004328251,0.214926720
0.0,synthetic_0327,near_allowed_boundary,synthetic_urdf_jacobian,true,false,true,true,0.283021167,0.109457869,-1.090366828,0.283021167,-2.181708401,-0.224088442,1.017189276,5.137446689,0.000000000,0.012450695,0.250022799
0.0,synthetic_0328,near_allowed_boundary,synthetic_urdf_jacobian,true,false,true,true,0.238720717,0.141796097,-2.366087125,1.456110820,-0.994160814,0.716654625,-0.967556748,-6.041279283,0.000000000,0.018959522,0.151411593
0.0,synthetic_0329,workspace_midrange,synthetic_urdf_jacobian,true,false,true,true,0.649182084,0.078427688,-1.237056136,1.042328289,-2.317917916,-0.793835584,0.460080990,-3.411603684,0.000000000,0.000163317,0.059999999
0.0,synthetic_0330,near_allowed_boundary,synthetic_urdf_jacobian,true,false,true,true,0.712840847,0.060879551,-1.535852037,0.919196835,-1.602508300,-0.857159153,-0.012444533,5.357239776,0.000000000,0.000262856,0.079999998
0.0,synthetic_0331,near_allowed_boundary,synthetic_urdf_jacobian,false,false,true,true,0.303382568,0.042405030,1.588218569,2.283863172,-0.303382568,1.197540348,0.150627786,2.350557994,23230900.000000000,0.514989972,1.000000000
0.0,synthetic_0332,near_allowed_boundary,synthetic_urdf_jacobian,false,false,true,true,0.361621130,0.139976668,-0.727177807,1.678846339,-0.361621130,0.021640429,-0.223601965,1.938824742,1294.714721680,0.010360599,0.280000001
0.0,synthetic_0333,near_allowed_boundary,synthetic_urdf_jacobian,true,false,true,true,0.392468745,0.112680730,-0.172419363,0.420013429,-1.806428441,-1.034177562,1.177531255,2.953216928,0.000000000,0.003174186,0.186657816
0.0,synthetic_0334,near_allowed_boundary,synthetic_urdf_jacobian,true,false,true,true,0.351006389,0.064800197,-0.299563394,0.351006389,-2.515643057,-0.674739690,0.068971367,-4.828279235,0.000000000,0.005203724,0.264314741
0.0,synthetic_0335,directional_extension,synthetic_urdf_jacobian,true,false,true,true,0.427563732,0.060625771,-0.676806969,0.664286920,-2.539536268,-1.077167687,-1.077560445,4.063381001,0.000000000,0.020269394,0.196310923
0.0,synthetic_0336,near_allowed_boundary,synthetic_urdf_jacobian,true,false,true,true,0.260728684,0.066232012,-1.579007364,0.466507140,-0.601199026,1.309271316,0.665206978,-5.235481127,0.000000000,0.000343859,0.134396434
0.0,synthetic_0337,near_allowed_boundary,synthetic_urdf_jacobian,true,false,true,true,0.308806497,0.055863182,-1.800516638,0.563287577,-2.556208736,-0.055251301,-1.261193503,3.615692466,0.000000000,0.003876925,0.249616012
0.0,synthetic_0338,near_allowed_boundary,synthetic_urdf_jacobian,false,false,true,true,0.398110241,0.055703437,-0.440581886,0.704579683,-2.568989759,0.196375856,0.789753586,1.014607170,0.000000000,0.042865336,0.178170860
0.0,synthetic_0339,near_allowed_boundary,synthetic_urdf_jacobian,true,false,true,true,0.412042151,0.124450440,-1.295105974,2.430244010,-1.444987005,0.242174902,1.157957849,2.149210612,0.000000000,0.008131683,0.233177528
0.0,synthetic_0340,near_allowed_boundary,synthetic_urdf_jacobian,true,false,true,true,0.725829480,0.129388206,-1.892170520,2.122311318,-2.042590255,0.823625968,0.177210921,0.498790638,0.000000000,0.024120808,0.242036209
0.0,synthetic_0341,near_allowed_boundary,synthetic_urdf_jacobian,false,false,true,true,0.170710103,0.046848358,2.158942469,1.687689160,-0.170710103,0.613272258,0.910700686,3.914735575,287565.281250000,0.102469996,0.971718669
0.0,synthetic_0342,near_allowed_boundary,synthetic_urdf_jacobian,true,false,true,true,0.238248779,0.142718973,2.186678962,2.901751221,-1.943226141,0.591702272,0.023869237,5.869626594,0.000000000,0.000368834,0.252248496
0.0,synthetic_0343,near_allowed_boundary,synthetic_urdf_jacobian,false,false,true,true,0.171817191,0.079322886,-1.160021007,2.068670807,-0.171817191,-0.430270628,0.162389430,0.690620020,64440.976562500,0.064743280,0.439451903
0.0,synthetic_0344,near_allowed_boundary,synthetic_urdf_jacobian,true,false,true,true,0.777112165,0.166093271,-1.664053006,2.245658611,-0.941951623,0.770759525,-0.792887835,-5.299574974,0.000000000,0.003891349,0.166599050
0.0,synthetic_0345,near_allowed_boundary,synthetic_urdf_jacobian,true,false,true,true,0.198193785,0.127177366,-0.524566870,0.482950829,-2.078944880,-1.371806215,-0.277613062,-1.708094109,0.000000000,0.000979036,0.190216020
0.0,synthetic_0346,near_allowed_boundary,synthetic_urdf_jacobian,true,false,true,true,0.257341908,0.035493098,-0.857725964,1.244989884,-2.709758092,-0.184668874,0.436549508,-2.155180094,0.000000000,0.000058413,0.040593114
0.0,synthetic_0347,near_allowed_boundary,synthetic_urdf_jacobian,true,false,true,true,0.357711918,0.189063249,0.329038423,2.428073942,-1.416598861,1.212288082,0.768926118,0.703192438,0.000000000,0.024040759,0.216529965
0.0,synthetic_0348,near_allowed_boundary,synthetic_urdf_jacobian,true,false,true,true,0.241911562,0.030620153,-2.054806666,1.481125326,-2.725188438,1.294063715,-1.288919143,-3.579401716,0.000000000,0.000264645,0.038839072
0.0,synthetic_0349,near_allowed_boundary,synthetic_urdf_jacobian,false,false,true,true,0.396249829,0.029909751,-1.565262176,2.595964355,-0.396249829,0.641982224,1.003758098,-2.937052355,2130517.500000000,1.499765396,1.000000000
0.0,synthetic_0350,near_allowed_boundary,synthetic_urdf_jacobian,true,false,true,true,0.437241397,0.132750398,1.951593311,0.437241397,-1.991915831,1.020186611,0.542119425,5.314101730,0.000000000,0.013731480,0.155146077
0.0,synthetic_0351,near_allowed_boundary,synthetic_urdf_jacobian,true,false,true,true,0.281346030,0.216426649,-2.059125857,2.858653970,-1.349007558,-0.983777333,0.209229388,5.092650758,0.000000000,0.029945850,0.226508319
0.0,synthetic_0352,near_allowed_boundary,synthetic_urdf_jacobian,true,false,true,true,0.222631718,0.030296166,-1.210520328,0.429712198,-2.744468282,0.060919216,0.724089103,-4.526859508,0.000000000,0.001503706,0.258877993
0.0,synthetic_0353,near_allowed_boundary,synthetic_urdf_jacobian,false,false,true,true,0.224334974,0.023887796,-1.471326646,2.915665026,-0.664737012,-0.501925766,1.257172257,-0.277330198,61577.234375000,0.042426288,0.528534532
0.0,synthetic_0354,workspace_midrange,synthetic_urdf_jacobian,true,false,true,true,0.875907322,0.088126124,-1.214582249,1.129823657,-2.091192678,0.554093066,-0.358231747,0.953970792,0.000000000,0.013600707,0.114019245
0.0,synthetic_0355,near_allowed_boundary,synthetic_urdf_jacobian,false,false,true,true,0.813469554,0.184304509,0.594126916,1.582809445,-1.609730889,-0.419534620,-0.756530446,-4.973219998,0.000000000,0.054389000,0.179605335
0.0,synthetic_0356,near_allowed_boundary,synthetic_urdf_jacobian,true,false,true,true,0.179107656,0.040857541,2.232826127,1.236134040,-1.593353464,-0.599238388,-1.390892344,-0.762195506,0.000000000,0.002767205,0.140286833
0.0,synthetic_0357,workspace_midrange,synthetic_urdf_jacobian,true,false,true,true,0.457841128,0.028750960,-1.454607984,1.184220927,-2.050824738,-1.112158872,1.068662585,1.322092678,0.000000000,0.000272870,0.059854086
0.0,synthetic_0358,near_allowed_boundary,synthetic_urdf_jacobian,true,false,true,true,0.232017207,0.223170415,2.385982793,1.863529334,-1.176368230,-0.386544253,0.866230391,-0.458792335,0.000000000,0.002896249,0.193717599
0.0,synthetic_0359,near_allowed_boundary,synthetic_urdf_jacobian,false,false,true,true,0.845671904,0.234196116,1.596034663,1.476813580,-0.845671904,0.461472188,-0.293583946,-5.013502454,0.000000000,0.069351196,0.151176512
0.0,synthetic_0360,directional_extension,synthetic_urdf_jacobian,true,false,true,true,0.760390975,0.188784757,-1.319437641,1.401180469,-1.550636897,-0.809609025,-0.678421756,-2.156942622,0.000000000,0.001495540,0.134038150
0.0,synthetic_0361,near_allowed_boundary,synthetic_urdf_jacobian,true,false,true,true,0.403927408,0.092578764,0.235303506,0.403927408,-1.731818738,0.516659356,0.955371308,0.196337485,0.000000000,0.023782402,0.161631852
0.0,synthetic_0362,near_allowed_boundary,synthetic_urdf_jacobian,true,false,true,true,0.396901671,0.216421518,2.221098329,2.238825339,-0.710334970,-1.036212700,0.015468385,-5.694575467,0.000000000,0.002907608,0.170125142
0.0,synthetic_0363,near_allowed_boundary,synthetic_urdf_jacobian,true,false,true,true,0.361377088,0.097268621,0.832238971,1.073378961,-0.470577908,-1.048555429,-1.208622912,-1.281510968,0.000000000,0.000274509,0.132399678
0.0,synthetic_0364,near_allowed_boundary,synthetic_urdf_jacobian,true,false,true,true,0.216230717,0.181441947,-1.686949557,1.711838433,-1.660689076,-1.353769283,-0.728664520,-4.254869125,0.000000000,0.006191254,0.183119625
0.0,synthetic_0365,near_allowed_boundary,synthetic_urdf_jacobian,false,false,true,true,0.188406722,0.196149481,-1.586639202,2.951593278,-1.269469911,0.791362367,-0.325673116,-3.912323296,64661.812500000,0.010873795,1.000000000
0.0,synthetic_0366,near_allowed_boundary,synthetic_urdf_jacobian,false,false,true,true,0.178923876,0.174876862,-0.811160212,2.126134322,-1.716241526,-1.391076124,0.157621385,0.142516899,0.000000000,0.046170607,0.234818161
0.0,synthetic_0367,near_allowed_boundary,synthetic_urdf_jacobian,true,false,true,true,0.229291526,0.078430218,0.895337380,0.229291526,-0.446961138,-0.108556836,-0.394825810,-2.586760344,0.000000000,0.008161783,0.168025672
0.0,synthetic_0368,near_allowed_boundary,synthetic_urdf_jacobian,false,false,true,true,0.484442011,0.144773345,-1.867150645,2.290734313,-1.948557635,-0.555204935,-0.581487063,5.795557989,0.000000000,0.045665741,0.275342822
0.0,synthetic_0369,workspace_midrange,synthetic_urdf_jacobian,false,false,true,true,0.445702641,0.091143909,-0.070187524,2.694297359,-0.698031824,0.817163021,0.786801854,-2.378922088,579737.750000000,1.842195511,1.000000000
0.0,synthetic_0370,workspace_midrange,synthetic_urdf_jacobian,true,false,true,true,0.614892877,0.088879375,1.601431908,1.544812628,-2.352207123,-0.702561581,0.083357798,-0.226557193,0.000000000,0.000278950,0.070715062
0.0,synthetic_0371,near_allowed_boundary,synthetic_urdf_jacobian,true,false,true,true,0.215232250,0.149118792,2.402767750,1.909268979,-1.159268001,-1.270920624,-1.228092589,-2.425171328,0.000000000,0.006004572,0.200000003
0.0,synthetic_0372,near_allowed_boundary,synthetic_urdf_jacobian,true,false,true,true,0.288616432,0.039935213,-0.257555559,2.788943666,-2.678483568,0.633889237,0.344625716,-3.136904861,0.000000000,0.028066158,0.319268644
0.0,synthetic_0373,near_allowed_boundary,synthetic_urdf_jacobian,false,false,true,true,0.558067764,0.192538098,2.059932236,1.231693268,-0.587111826,-0.642940866,0.189546102,3.401765567,0.000000000,0.088793278,0.148599505
0.0,synthetic_0374,near_allowed_boundary,synthetic_urdf_jacobian,true,false,true,true,0.713414057,0.057041882,1.794880161,1.166345294,-2.253685943,0.438429290,0.398651124,-5.552483193,0.000000000,0.000268698,0.074926116
0.0,synthetic_0375,near_allowed_boundary,synthetic_urdf_jacobian,false,false,true,true,0.313821560,0.101764213,0.502724100,2.826178440,-2.159743797,0.361404727,1.183294096,-1.409551011,0.000000000,0.033875704,0.306472749
0.0,synthetic_0376,near_allowed_boundary,synthetic_urdf_jacobian,true,false,true,true,0.279167748,0.038883913,1.574030478,2.695792949,-2.687932252,-0.587552543,-0.728071626,5.010345337,0.000000000,0.000136793,0.303368151
0.0,synthetic_0377,near_allowed_boundary,synthetic_urdf_jacobian,true,false,true,true,0.165373005,0.029828057,0.496008998,0.500692267,-1.799359812,-0.647584143,1.404626995,4.661413726,0.000000000,0.013552427,0.173735663
0.0,synthetic_0378,near_allowed_boundary,synthetic_urdf_jacobian,true,false,true,true,0.460289836,0.141265502,1.731880738,0.460289836,-1.799654992,-0.167184305,-0.503373770,4.733766722,0.000000000,0.000254869,0.120391376
0.0,synthetic_0379,near_allowed_boundary,synthetic_urdf_jacobian,true,false,true,true,0.401667455,0.142175407,-0.220701128,2.321507432,-1.263582199,-0.276572580,-1.168332545,4.369085181,0.000000000,0.027026176,0.229805604
0.0,synthetic_0380,near_allowed_boundary,synthetic_urdf_jacobian,true,false,true,true,0.277823080,0.176287894,-0.095367754,0.356732758,-1.542799110,-1.292176920,-0.515870768,4.874991902,0.000000000,0.002018452,0.148609549
0.0,synthetic_0381,workspace_midrange,synthetic_urdf_jacobian,false,false,true,true,0.960629308,0.085286171,-0.770473995,1.094099472,-2.006470692,0.198481633,-0.002851669,-1.454691106,0.000000000,0.040387392,0.111337036
0.0,synthetic_0382,directional_extension,synthetic_urdf_jacobian,false,false,true,true,0.583359650,0.188970914,1.738099992,1.479828661,-0.583359650,-0.273775690,-0.422018983,-3.969160355,0.000000000,0.061332464,0.138119966
0.0,synthetic_0383,near_allowed_boundary,synthetic_urdf_jacobian,true,false,true,true,0.483649966,0.156076868,-2.134350034,1.773657098,-1.866806568,-1.005053399,0.075700197,2.670374369,0.000000000,0.000444174,0.167033404
0.0,synthetic_0384,near_allowed_boundary,synthetic_urdf_jacobian,true,false,true,true,0.204392419,0.155722812,0.640616973,0.204392419,-1.829549582,0.487815686,-0.295575282,-0.742231030,0.000000000,0.017052770,0.169930384
0.0,synthetic_0385,near_allowed_boundary,synthetic_urdf_jacobian,true,false,true,true,0.377042396,0.065150626,1.427105446,0.588658789,-2.361336710,0.759700019,1.192957604,-4.116175052,0.000000000,0.025865078,0.172481045
0.0,synthetic_0386,near_allowed_boundary,synthetic_urdf_jacobian,true,false,true,true,0.282933746,0.134914231,-2.180393393,2.469825737,-1.304676119,-0.726951216,-1.287066254,0.617976069,0.000000000,0.005138934,0.252415568
0.0,synthetic_0387,near_allowed_boundary,synthetic_urdf_jacobian,true,false,true,true,0.358034493,0.103772996,-1.883457856,1.976701827,-2.165446998,0.555128922,-1.211965507,-1.931951377,0.000000000,0.003017187,0.219500929
0.0,synthetic_0388,near_allowed_boundary,synthetic_urdf_jacobian,true,false,true,true,0.302877322,0.053274424,0.778077360,2.810884480,-2.588739681,-0.136911504,1.267122678,-5.470682792,0.000000000,0.015565872,0.316544026
0.0,synthetic_0389,directional_extension,synthetic_urdf_jacobian,true,false,true,true,0.568721801,0.189667458,-0.219946710,2.273775194,-1.537537821,1.001278199,-0.275345231,-2.377801649,0.000000000,0.029629946,0.232001156
0.0,synthetic_0390,near_allowed_boundary,synthetic_urdf_jacobian,true,false,true,true,0.439219798,0.158070943,-2.178780202,2.589870652,-1.845515873,-0.635842863,0.689552971,-1.986247332,0.000000000,0.015981197,0.298802197
0.0,synthetic_0391,workspace_midrange,synthetic_urdf_jacobian,true,false,true,true,0.436171956,0.116366621,-0.577551321,2.131260563,-0.436171956,-0.915718053,-0.842074542,-3.689807833,0.000000000,0.020024061,0.149962947
0.0,synthetic_0392,near_allowed_boundary,synthetic_urdf_jacobian,true,false,true,true,0.424800974,0.175642799,2.193199026,1.739105576,-0.628299947,-0.881979398,1.033163357,-2.472221949,0.000000000,0.009438992,0.162165701
0.0,synthetic_0393,near_allowed_boundary,synthetic_urdf_jacobian,true,false,true,true,0.589642556,0.081572184,0.592784627,0.765006940,-1.449317007,0.719657316,-0.918649597,5.690357444,0.000000000,0.018183231,0.127510995
0.0,synthetic_0394,near_allowed_boundary,synthetic_urdf_jacobian,false,false,true,true,0.413154378,0.121586965,1.722403709,2.147689345,-0.806801175,-0.613002825,-1.156845622,-2.140935419,0.000000000,0.051986933,0.177664533
0.0,synthetic_0395,near_allowed_boundary,synthetic_urdf_jacobian,true,false,true,true,0.360564390,0.099323544,-1.813702935,1.099840306,-0.770535800,-0.933379893,-1.209435610,3.772831834,0.000000000,0.003136635,0.163742602
0.0,synthetic_0396,near_allowed_boundary,synthetic_urdf_jacobian,true,false,true,true,0.311666466,0.086236984,2.134963177,1.315379199,-2.243064626,1.093684882,-1.258333534,-1.876141894,0.000000000,0.000179410,0.086204357
0.0,synthetic_0397,workspace_midrange,synthetic_urdf_jacobian,true,false,true,true,0.784968357,0.179685036,1.506802835,2.227051327,-0.784968357,-0.054472146,0.578933708,-2.401398030,0.000000000,0.007000208,0.159999996
0.0,synthetic_0398,near_allowed_boundary,synthetic_urdf_jacobian,false,false,true,true,0.304345021,0.033775013,1.803817882,2.387741198,-0.304345021,0.754181298,0.648507608,-3.806912806,2992225.000000000,0.896541715,1.000000000
0.0,synthetic_0399,near_allowed_boundary,synthetic_urdf_jacobian,true,false,true,true,0.365197578,0.090257314,0.341906632,0.365197578,-0.371162519,0.846443047,0.098657192,4.080756293,0.000000000,0.004494667,0.159999996
0.0,synthetic_0400,near_allowed_boundary,synthetic_urdf_jacobian,true,false,true,true,0.290492094,0.070594492,1.820542296,1.165701016,-1.022167078,-1.046008867,-1.279507906,3.352759177,0.000000000,0.029029369,0.155132249
0.0,synthetic_0401,near_allowed_boundary,synthetic_urdf_jacobian,true,false,true,true,0.307535423,0.155030312,-1.392225996,1.300678560,-1.511489336,1.262464577,0.789504407,0.598152899,0.000000000,0.001564860,0.139318198
0.0,synthetic_0402,near_allowed_boundary,synthetic_urdf_jacobian,false,false,true,true,0.379085015,0.053957617,1.524069464,0.857477023,-2.588014985,-0.695879078,0.271847776,-2.008429973,0.000000000,0.033615589,0.162043869
0.0,synthetic_0403,near_allowed_boundary,synthetic_urdf_jacobian,false,false,true,true,0.207356380,0.214738843,2.410643620,1.718460223,-1.301406523,0.687050405,0.042677358,-3.999666465,0.000000000,0.038947821,0.164022103
0.0,synthetic_0404,workspace_midrange,synthetic_urdf_jacobian,true,false,true,true,0.738218000,0.118678666,-1.473880263,1.438590873,-2.142509454,-0.831782000,-0.375462564,3.705032521,0.000000000,0.000274539,0.079999998
0.0,synthetic_0405,near_allowed_boundary,synthetic_urdf_jacobian,true,false,true,true,0.176335555,0.058949247,1.801298188,0.897946358,-2.289962114,-1.317860111,-1.393664445,-1.633695165,0.000000000,0.022349834,0.109677657
0.0,synthetic_0406,near_allowed_boundary,synthetic_urdf_jacobian,true,false,true,true,0.500509762,0.071383081,-1.512269876,1.580304470,-2.466590238,0.359995500,0.162770339,5.074579452,0.000000000,0.013224125,0.130748153
0.0,synthetic_0407,near_allowed_boundary,synthetic_urdf_jacobian,false,false,true,true,0.163264009,0.021335949,2.347959985,0.562463178,-2.803835991,-0.856666009,-0.199536038,-2.890473528,0.000000000,0.036594391,0.251099944
0.0,synthetic_0408,near_allowed_boundary,synthetic_urdf_jacobian,true,false,true,true,0.514275254,0.107882884,0.954097573,0.909025128,-0.516200399,-1.055724746,-0.978660354,5.754565703,0.000000000,0.006738663,0.155061364
0.0,synthetic_0409,near_allowed_boundary,synthetic_urdf_jacobian,true,false,true,true,0.373416996,0.052937239,-2.106233403,2.294199500,-2.593683004,-0.969178029,0.354174801,3.982494534,0.000000000,0.027387619,0.237849534
0.0,synthetic_0410,workspace_midrange,synthetic_urdf_jacobian,false,false,true,true,0.496928483,0.102649951,-1.546735390,2.020776175,-0.496928483,0.679653728,0.820510240,-2.931423164,6290.395019531,0.037039965,0.380588174
0.0,synthetic_0411,near_allowed_boundary,synthetic_urdf_jacobian,true,false,true,true,0.347789863,0.111522239,0.325271046,0.653225339,-0.781458146,1.222210137,-0.005658420,0.220696939,0.000000000,0.000297308,0.143159226
0.0,synthetic_0412,near_allowed_boundary,synthetic_urdf_jacobian,false,false,true,true,0.395463128,0.053443064,1.177899602,2.688063171,-2.571636872,0.720090497,1.123153750,-3.574313119,0.000000000,0.042199135,0.298242748
0.0,synthetic_0413,directional_extension,synthetic_urdf_jacobian,false,false,true,true,1.230056174,0.223979129,-1.011473120,1.486483425,-1.230056174,-0.119478046,0.208044614,-1.370833517,0.000000000,0.044423461,0.191018984
0.0,synthetic_0414,near_allowed_boundary,synthetic_urdf_jacobian,true,false,true,true,0.190495081,0.035984333,-0.386218169,1.032247276,-1.073185021,1.243465146,1.379504919,-1.443255371,0.000000000,0.004697919,0.168342724
0.0,synthetic_0415,near_allowed_boundary,synthetic_urdf_jacobian,false,false,true,true,0.273978675,0.060840209,-2.246947387,1.951849486,-0.273978675,1.286077742,0.530053942,-1.537754850,102030.640625000,0.161070347,1.000000000
0.0,synthetic_0416,near_allowed_boundary,synthetic_urdf_jacobian,false,false,true,true,0.560774393,0.220832361,-2.057225607,1.461818807,-1.070111323,0.632253606,0.459182973,3.515116876,0.000000000,0.067476034,0.149249598
0.0,synthetic_0417,near_allowed_boundary,synthetic_urdf_jacobian,true,false,true,true,0.706175650,0.184493328,-1.911824350,1.620296820,-1.612469746,0.003254207,-0.096675072,1.283358657,0.000000000,0.011789680,0.175092891
0.0,synthetic_0418,near_allowed_boundary,synthetic_urdf_jacobian,true,false,true,true,0.180238772,0.176889226,-1.941786686,0.180238772,-1.652416391,0.251542018,-0.215327863,0.180572224,0.000000000,0.006164804,0.157868117
0.0,synthetic_0419,workspace_midrange,synthetic_urdf_jacobian,true,false,true,true,0.579011476,0.183400121,-0.489215063,2.458223273,-0.656321231,-0.990988524,0.351574439,0.284832742,0.000000000,0.024965286,0.159999996
0.0,synthetic_0420,near_allowed_boundary,synthetic_urdf_jacobian,true,false,true,true,0.400130119,0.080129127,-2.191478471,0.400130119,-0.645815168,0.613206070,-0.971791039,1.064181817,0.000000000,0.024273992,0.169766158
0.0,synthetic_0421,near_allowed_boundary,synthetic_urdf_jacobian,false,false,true,true,0.675261064,0.222914988,1.942738936,1.635898444,-1.213495125,0.502627691,0.083724177,4.650289586,0.000000000,0.052805901,0.166225016
0.0,synthetic_0422,directional_extension,synthetic_urdf_jacobian,true,false,true,true,0.419026612,0.059781522,-1.207843898,0.790914479,-2.548073388,-0.157886165,-0.492403004,-0.002322066,0.000000000,0.004610569,0.164520890
0.0,synthetic_0423,directional_extension,synthetic_urdf_jacobian,true,false,true,true,0.705766357,0.194184517,-1.605916854,1.514945234,-1.493944901,-0.551909075,0.864233643,0.065259960,0.000000000,0.006771825,0.173642755
0.0,synthetic_0424,workspace_midrange,synthetic_urdf_jacobian,true,false,true,true,0.650182626,0.089051077,-0.962899641,0.851520692,-1.202814228,-0.919817374,0.670075493,3.388058578,0.000000000,0.010439157,0.134044424
0.0,synthetic_0425,near_allowed_boundary,synthetic_urdf_jacobian,true,false,true,true,0.236748996,0.064801424,-1.787657055,0.581584444,-0.349272169,-1.333251004,0.846657115,3.027179851,0.000000000,0.000145555,0.140555635
0.0,synthetic_0426,near_allowed_boundary,synthetic_urdf_jacobian,true,false,true,true,0.245998787,0.037801242,1.003429036,0.245998787,-0.305149518,-0.836469743,1.058774142,0.009067879,0.000000000,0.014885359,0.163523182
0.0,synthetic_0427,near_allowed_boundary,synthetic_urdf_jacobian,true,false,true,true,0.180609542,0.023840576,-0.860611703,0.646529040,-2.786490458,-0.754614546,-1.089822103,-6.048393516,0.000000000,0.002625465,0.235622883
0.0,synthetic_0428,near_allowed_boundary,synthetic_urdf_jacobian,true,false,true,true,0.214837831,0.071117002,0.813459700,2.925162169,-1.445103079,0.909987559,1.335900833,-5.140046250,0.000000000,0.028554916,0.190601468
0.0,synthetic_0429,workspace_midrange,synthetic_urdf_jacobian,true,false,true,true,0.813491170,0.114937033,-0.368068040,1.347879086,-2.153608830,0.617882751,0.152657901,-4.071245949,0.000000000,0.021771908,0.123607263
0.0,synthetic_0430,near_allowed_boundary,synthetic_urdf_jacobian,true,false,true,true,0.282509663,0.038988367,2.200383400,0.488765325,-2.684590337,0.726569731,-0.206269696,1.870863001,0.000000000,0.000264823,0.220596254
0.0,synthetic_0431,near_allowed_boundary,synthetic_urdf_jacobian,false,false,true,true,0.294763145,0.130293637,-2.323236855,0.377250993,-2.058332181,-0.489287761,0.078987525,-2.229645671,0.000000000,0.079048395,0.192690834
0.0,synthetic_0432,near_allowed_boundary,synthetic_urdf_jacobian,true,false,true,true,0.288653688,0.071988330,-1.324923508,2.851346312,-2.463181771,0.007178923,-0.784782980,3.823387275,0.000000000,0.020440340,0.320154965
0.0,synthetic_0433,near_allowed_boundary,synthetic_urdf_jacobian,true,false,true,true,0.172194112,0.100834451,0.587963462,1.912208019,-1.655736175,-0.118455223,1.397805888,-0.921611949,0.000000000,0.011316657,0.224584058
0.0,synthetic_0434,near_allowed_boundary,synthetic_urdf_jacobian,true,false,true,true,0.400406715,0.052138338,0.777258138,0.400406715,-1.417983571,0.726533222,-0.088467967,2.786904731,0.000000000,0.017028332,0.095357224
0.0,synthetic_0435,near_allowed_boundary,synthetic_urdf_jacobian,true,false,true,true,0.238612021,0.077743266,0.810790676,0.462087195,-1.544541910,-1.331387979,-1.161722131,2.123762769,0.000000000,0.010931253,0.165181115
0.0,synthetic_0436,near_allowed_boundary,synthetic_urdf_jacobian,true,false,true,true,0.293817314,0.122482530,-1.382730421,0.293817314,-1.567831091,0.562923418,-0.624259215,-3.793237193,0.000000000,0.020104170,0.140782356
0.0,synthetic_0437,near_allowed_boundary,synthetic_urdf_jacobian,true,false,true,true,0.215572573,0.036170165,-1.328782814,0.215572573,-2.705776653,-0.106693703,-0.808269722,-0.882965924,0.000000000,0.006932676,0.291701972
0.0,synthetic_0438,near_allowed_boundary,synthetic_urdf_jacobian,false,false,true,true,0.351572929,0.110684104,2.039838756,2.434036865,-0.612135483,1.218427071,0.474214555,-0.763742332,513979.125000000,0.273698568,1.000000000
0.0,synthetic_0439,near_allowed_boundary,synthetic_urdf_jacobian,false,false,true,true,0.446525629,0.064000026,-2.106014369,2.199646106,-2.520574371,-0.558381920,-0.623071522,5.368084947,0.000000000,0.061079025,0.224696442
0.0,synthetic_0440,near_allowed_boundary,synthetic_urdf_jacobian,true,false,true,true,0.495299519,0.130773501,0.341072142,1.570673495,-1.138257476,1.074700481,-1.027141254,4.854724129,0.000000000,0.000862956,0.131924853
0.0,synthetic_0441,near_allowed_boundary,synthetic_urdf_jacobian,true,false,true,true,0.369591685,0.082486059,-1.433378698,2.770408315,-2.394095248,-0.285467875,0.671493135,-3.675499459,0.000000000,0.002427161,0.327690214
0.0,synthetic_0442,near_allowed_boundary,synthetic_urdf_jacobian,true,false,true,true,0.473977033,0.035794776,-1.889637699,0.913203355,-1.919798944,1.096022967,-0.707896530,2.229758547,0.000000000,0.009311438,0.117798939
0.0,synthetic_0443,near_allowed_boundary,synthetic_urdf_jacobian,false,false,true,true,0.187915692,0.123296349,1.652875226,0.187915692,-2.086947145,1.143743704,0.232052928,-4.054226386,0.000000000,0.033052444,0.190811351
0.0,synthetic_0444,near_allowed_boundary,synthetic_urdf_jacobian,false,false,true,true,0.357626821,0.157745923,-0.033710239,1.286595757,-0.588946002,0.831011924,-0.499334649,5.922373179,31.303518295,0.014740944,0.102935016
0.0,synthetic_0445,near_allowed_boundary,synthetic_urdf_jacobian,true,false,true,true,0.385883971,0.058268554,-2.232116029,2.733410980,-2.557679097,0.154140769,-0.230317947,3.965140593,0.000000000,0.012876511,0.312792659
0.0,synthetic_0446,workspace_midrange,synthetic_urdf_jacobian,true,false,true,true,0.915951240,0.196442820,-0.096221588,0.949209867,-0.915951240,-0.335072006,-0.212496958,3.877223260,0.000000000,0.000109673,0.180000007
0.0,synthetic_0447,workspace_midrange,synthetic_urdf_jacobian,false,false,true,true,0.642143677,0.170315902,-0.709771343,1.655338657,-0.660101376,0.927856323,0.521532340,2.572482950,1203.602783203,0.030742407,0.259999990
0.0,synthetic_0448,near_allowed_boundary,synthetic_urdf_jacobian,true,false,true,true,0.467118156,0.182303777,-1.998161011,1.698454286,-1.222255211,-1.019263461,1.102881844,2.153816232,0.000000000,0.005422831,0.187341616
0.0,synthetic_0449,near_allowed_boundary,synthetic_urdf_jacobian,false,false,true,true,0.426220471,0.060825282,-1.958865451,0.495713675,-2.540879529,-1.008711791,0.254873397,-4.934083570,0.000000000,0.033187866,0.239999995
0.0,synthetic_0450,workspace_midrange,synthetic_urdf_jacobian,true,false,true,true,0.966970995,0.185922600,-0.450262794,0.969798105,-1.073994663,0.603029005,0.392942712,1.169712342,0.000000000,0.000275612,0.170915455
0.0,synthetic_0451,directional_extension,synthetic_urdf_jacobian,true,false,true,true,0.460726550,0.198003664,0.277403502,2.329973290,-1.480144748,-0.811968392,-1.109273450,1.226591178,0.000000000,0.010145426,0.273796588
0.0,synthetic_0452,near_allowed_boundary,synthetic_urdf_jacobian,true,false,true,true,0.379055654,0.091453245,1.505577827,2.188136162,-0.929332435,0.787206669,-1.190944346,4.300138809,0.000000000,0.001095772,0.158855230
0.0,synthetic_0453,near_allowed_boundary,synthetic_urdf_jacobian,true,false,true,true,0.304346808,0.175998233,-2.313653192,1.739156775,-1.708981095,-1.045782538,0.207670008,-4.720242627,0.000000000,0.000478625,0.170075834
0.0,synthetic_0454,near_allowed_boundary,synthetic_urdf_jacobian,false,false,true,true,0.399644323,0.083115690,-2.218355677,2.168851722,-0.439288302,-0.168848298,0.870352402,5.565136366,83738.421875000,0.242902339,1.000000000
0.0,synthetic_0455,near_allowed_boundary,synthetic_urdf_jacobian,true,false,true,true,0.300948677,0.121842630,1.138108954,1.347572291,-0.300948677,-0.717771104,-0.742492988,2.082806322,0.000000000,0.002904058,0.127890289
0.0,synthetic_0456,near_allowed_boundary,synthetic_urdf_jacobian,true,false,true,true,0.228910502,0.045973020,1.605366830,0.891111049,-1.980488838,-1.341089498,-1.150559615,-2.087516907,0.000000000,0.000284553,0.064199984
0.0,synthetic_0457,near_allowed_boundary,synthetic_urdf_jacobian,true,false,true,true,0.213270893,0.021925569,-2.000278089,0.213270893,-0.761911806,1.088739398,-1.032246752,-1.925130625,0.000000000,0.000250816,0.120746605
0.0,synthetic_0458,near_allowed_boundary,synthetic_urdf_jacobian,true,false,true,true,0.228374744,0.058124318,-2.389625256,1.344425449,-2.498521253,0.193365722,0.503774952,2.650105174,0.000000000,0.000259876,0.062347189
0.0,synthetic_0459,near_allowed_boundary,synthetic_urdf_jacobian,true,false,true,true,0.225124950,0.035811538,-1.953141752,2.419720042,-0.581183854,-0.649812829,1.344875050,-1.992067019,0.000000000,0.011746764,0.177413315
0.0,synthetic_0460,near_allowed_boundary,synthetic_urdf_jacobian,false,false,true,true,0.194000422,0.053675491,-1.196719667,0.599648377,-0.250718304,1.375999578,0.804747400,-2.450049259,0.000000000,0.043335676,0.136803672
0.0,synthetic_0461,near_allowed_boundary,synthetic_urdf_jacobian,false,false,true,true,0.190125334,0.031713819,-1.548339802,2.467711583,-0.631180446,0.544447518,-1.379874666,-5.029416429,656962.187500000,0.119147301,0.692739427
0.0,synthetic_0462,near_allowed_boundary,synthetic_urdf_jacobian,true,false,true,true,0.206277065,0.085237652,-2.277334304,0.472174215,-0.206277065,0.119688249,-1.101398974,-6.071167984,0.000000000,0.009748936,0.186414704
0.0,synthetic_0463,near_allowed_boundary,synthetic_urdf_jacobian,false,false,true,true,0.327879604,0.096706852,-1.899042060,2.645216642,-2.018733257,0.698438693,1.242120396,-1.778929156,0.000000000,0.048031449,0.283940434
0.0,synthetic_0464,near_allowed_boundary,synthetic_urdf_jacobian,false,false,true,true,0.430509997,0.067412003,2.129175395,2.655519178,-2.492733214,-1.056957324,1.139490003,4.143416164,0.000000000,0.030141354,0.311484575
0.0,synthetic_0465,near_allowed_boundary,synthetic_urdf_jacobian,false,false,true,true,0.261916824,0.057513733,1.601349543,2.043869489,-0.261916824,-0.222119856,0.905167334,3.363838555,255796.500000000,0.098005027,0.790318847
0.0,synthetic_0466,near_allowed_boundary,synthetic_urdf_jacobian,true,false,true,true,0.283763618,0.060692922,-0.314673858,0.979052090,-2.510657991,1.286236382,0.906490708,2.980430305,0.000000000,0.014421940,0.088032171
0.0,synthetic_0467,directional_extension,synthetic_urdf_jacobian,true,false,true,true,0.610456935,0.094109082,-1.226716124,2.479110686,-2.293725928,0.384230762,-0.959543065,-0.579813705,0.000000000,0.004459262,0.288256109
0.0,synthetic_0468,near_allowed_boundary,synthetic_urdf_jacobian,false,false,true,true,0.269751743,0.069510591,0.548236741,2.192396735,-0.370217016,1.300248257,0.739949968,-5.578700228,139085.625000000,0.160492778,0.786976755
0.0,synthetic_0469,near_allowed_boundary,synthetic_urdf_jacobian,true,false,true,true,0.213546173,0.169589731,-0.557523833,2.212852522,-0.501376593,-1.356453827,-0.285440489,5.336612864,0.000000000,0.008966446,0.154263631
0.0,synthetic_0470,near_allowed_boundary,synthetic_urdf_jacobian,true,false,true,true,0.354567133,0.080203105,2.110718707,2.660972009,-2.408680564,-0.505471032,1.215432867,5.147456626,0.000000000,0.008455634,0.315083414
0.0,synthetic_0471,near_allowed_boundary,synthetic_urdf_jacobian,true,false,true,true,0.329173414,0.243846526,2.288826586,2.137830967,-0.923171516,-0.703644940,0.597293666,-2.903303576,0.000000000,0.009613037,0.190302595
0.0,synthetic_0472,directional_extension,synthetic_urdf_jacobian,true,false,true,true,0.503208922,0.129547071,1.688272880,1.867923741,-2.060962000,-0.998113328,-1.066791078,-4.253079138,0.000000000,0.016498089,0.203126177
0.0,synthetic_0473,near_allowed_boundary,synthetic_urdf_jacobian,true,false,true,true,0.248054138,0.093189875,2.054095326,1.197271828,-1.304962193,-1.002467007,1.126660118,6.031945862,0.000000000,0.018948078,0.150302589
0.0,synthetic_0474,near_allowed_boundary,synthetic_urdf_jacobian,false,false,true,true,0.229709851,0.036861425,0.072801200,2.847967511,-0.229709851,0.498860679,-1.014071607,1.963131988,56715844.000000000,2.685558558,1.000000000
0.0,synthetic_0475,workspace_midrange,synthetic_urdf_jacobian,false,false,true,true,0.439002329,0.080337908,-1.567526658,2.692399241,-0.439002329,-0.907247966,-0.415426219,2.250018350,941647.562500000,0.098254144,1.000000000
0.0,synthetic_0476,directional_extension,synthetic_urdf_jacobian,true,false,true,true,0.596751915,0.198787742,-1.282940473,2.543248085,-1.463674806,0.417929618,-0.127738790,3.778379858,0.000000000,0.001092434,0.235712469
0.0,synthetic_0477,near_allowed_boundary,synthetic_urdf_jacobian,true,false,true,true,0.705964430,0.157508753,1.438528875,2.434035570,-1.843167703,-0.404187630,-0.730885194,4.898125732,0.000000000,0.000136137,0.274587989
0.0,synthetic_0478,near_allowed_boundary,synthetic_urdf_jacobian,false,false,true,true,0.322051930,0.225778158,-2.295948070,1.151594899,-1.052233593,-0.961432234,0.055982573,-1.990340034,0.000000000,0.093250990,0.158344537
0.0,synthetic_0479,near_allowed_boundary,synthetic_urdf_jacobian,true,false,true,true,0.372101637,0.132385086,-2.245898363,2.374401337,-2.043707012,-0.905125821,0.447095723,-0.734809731,0.000000000,0.021794677,0.276878983
0.0,synthetic_0480,near_allowed_boundary,synthetic_urdf_jacobian,false,false,true,true,0.182819365,0.098661876,-0.866244215,0.442011024,-0.182819365,0.265219566,-0.161036997,1.065010496,0.000000000,0.077882528,0.191025272
0.0,synthetic_0481,near_allowed_boundary,synthetic_urdf_jacobian,false,false,true,true,0.347015622,0.045618006,-0.230438126,2.391520555,-0.507054098,-0.561964097,1.222984378,-2.510455823,285611.843750000,0.159001902,0.823215425
0.0,synthetic_0482,near_allowed_boundary,synthetic_urdf_jacobian,false,false,true,true,0.302735307,0.217121067,0.671910707,2.828605680,-0.956605144,-1.267264693,0.345772636,4.365725710,0.000000000,0.052125454,0.183260113
0.0,synthetic_0483,directional_extension,synthetic_urdf_jacobian,true,false,true,true,0.449315631,0.063904674,-1.594360110,1.948316234,-2.517784369,0.333995736,0.372066822,0.639717543,0.000000000,0.000245929,0.183710515
0.0,synthetic_0484,directional_extension,synthetic_urdf_jacobian,true,false,true,true,1.137640653,0.159210112,-0.385338444,1.481583180,-1.829459347,-0.319542492,-0.431739684,-2.379433326,0.000000000,0.000270307,0.146122918
0.0,synthetic_0485,directional_extension,synthetic_urdf_jacobian,true,false,true,true,1.001232726,0.225570654,-1.616767274,1.746760240,-1.199591055,0.127902639,0.022873822,3.811714686,0.000000000,0.016258135,0.180000007
0.0,synthetic_0486,near_allowed_boundary,synthetic_urdf_jacobian,true,false,true,true,0.327199216,0.076957941,2.038492878,0.327199216,-1.735968122,-0.084534686,-1.138869747,-2.048127796,0.000000000,0.019535542,0.167930275
0.0,synthetic_0487,near_allowed_boundary,synthetic_urdf_jacobian,false,false,true,true,0.265139584,0.181478819,-0.406035446,0.265139584,-1.663316050,-1.130382928,-0.267819759,-3.690309221,0.000000000,0.056276560,0.180000007
0.0,synthetic_0488,near_allowed_boundary,synthetic_urdf_jacobian,true,false,true,true,0.158359955,0.171115749,-1.965798344,0.332172725,-1.444366302,-1.411640045,-0.291862695,-5.390228478,0.000000000,0.003878117,0.152421325
0.0,synthetic_0489,near_allowed_boundary,synthetic_urdf_jacobian,true,false,true,true,0.559378448,0.080576256,0.930584505,1.993894970,-2.407721552,-0.386865801,0.635802374,-4.560328223,0.000000000,0.000189066,0.188676447
0.0,synthetic_0490,near_allowed_boundary,synthetic_urdf_jacobian,false,false,true,true,0.276636313,0.027228769,1.544095142,2.028618147,-0.306457293,0.289252007,-1.293363687,-1.114134305,6753.319335938,0.049563348,0.288298786
0.0,synthetic_0491,directional_extension,synthetic_urdf_jacobian,true,false,true,true,0.861682660,0.160230712,0.930987794,1.482430858,-1.825609298,-0.708317340,0.539281804,-4.222489599,0.000000000,0.000246882,0.123634607
0.0,synthetic_0492,near_allowed_boundary,synthetic_urdf_jacobian,true,false,true,true,0.372157821,0.151658661,1.300843910,0.947976050,-1.276924356,1.197842179,0.264588335,4.523443194,0.000000000,0.012546062,0.153665721
0.0,synthetic_0493,near_allowed_boundary,synthetic_urdf_jacobian,true,false,true,true,0.591158424,0.240525850,-2.026841576,1.599286419,-1.071862584,-0.958946388,0.557064455,1.952039955,0.000000000,0.000183344,0.165040925
0.0,synthetic_0494,near_allowed_boundary,synthetic_urdf_jacobian,false,false,true,true,0.183467498,0.076288158,-1.696741998,0.183467498,-1.224070177,0.139723828,0.692884836,4.432487277,0.000000000,0.033124447,0.116846763
0.0,synthetic_0495,directional_extension,synthetic_urdf_jacobian,true,false,true,true,0.715152449,0.220933801,-0.167550950,1.641902887,-1.248708870,-0.472725818,0.854847551,3.222479096,0.000000000,0.024728537,0.171099618
0.0,synthetic_0496,directional_extension,synthetic_urdf_jacobian,true,false,true,true,0.722063387,0.104323855,-1.684288688,2.111192542,-2.245036613,-0.613019328,0.210946733,-0.733637433,0.000000000,0.010289788,0.231299058
0.0,synthetic_0497,near_allowed_boundary,synthetic_urdf_jacobian,false,false,true,true,0.171927173,0.025605698,0.384489913,0.821371022,-0.794118886,-1.103357181,-1.398072827,-3.604272888,0.000000000,0.039206743,0.165356174
0.0,synthetic_0498,near_allowed_boundary,synthetic_urdf_jacobian,true,false,true,true,0.188181624,0.105071553,0.013826612,2.565956444,-1.910706167,-1.171514008,1.381818376,2.236873178,0.000000000,0.014809370,0.298253000
0.0,synthetic_0499,near_allowed_boundary,synthetic_urdf_jacobian,true,false,true,true,0.466819796,0.079012412,-1.070739685,0.797054311,-2.416942501,-1.103180204,0.621877843,-4.711419105,0.000000000,0.007781506,0.150495693
